repository	pkgbase	version	pkgbuild_sha256	packages	source_files
alarm	libpisp	1.5.0-1	d84ff191196d7edf6a28c65241d40eb3f51e08e5d922c3797e3af2248520da19	libpisp	https://archlinuxarm.org/packages/aarch64/libpisp/files
core	acl	2.4.0-1	a4e556c0a43fc27000ef25bdcf7d7bf5c700eb7145e6c9c84f170b3621f67927	acl	https://archlinuxarm.org/packages/aarch64/acl/files
core	archlinux-keyring	20260707.1-1	66fd3a40d2e900c9f4c7b1315f3b76ae92ca3aaa6fae40eca91ca91bab1b25a7	archlinux-keyring	https://archlinuxarm.org/packages/aarch64/archlinux-keyring/files
core	archlinuxarm-keyring	20240419-2	bcfa4e1746133628cc2bdf548152bb5e04b74817ea8d132dc0ef67203195b1c3	archlinuxarm-keyring	https://archlinuxarm.org/packages/aarch64/archlinuxarm-keyring/files
core	attr	2.6.0-1	610792f7ea41ac5a6d2ba0e5844d7614061eb9c7bea5e072a41fb2e3c029c7f5	attr	https://archlinuxarm.org/packages/aarch64/attr/files
core	audit	4.1.4-2	73d4355e1ab72451ad433c51942f7f0f93c71647b2cd2a2cda46c98432349ef6	audit	https://archlinuxarm.org/packages/aarch64/audit/files
core	base	3-3	5b4b7641591fde1e50f83b69c80450441e96b5ac2a4284fec5cdbcc089137e37	base	https://archlinuxarm.org/packages/aarch64/base/files
core	bash	5.3.15-1	ab4fdd682d77811b531a7741917df217718dc46220c66c0303d332854742b09f	bash	https://archlinuxarm.org/packages/aarch64/bash/files
core	binutils	2.46+r70+g155188ea10a7-1	60081fda03863810a08d8f6fab33c9e885e36933cf75bab4e555e6561212d673	binutils	https://archlinuxarm.org/packages/aarch64/binutils/files
core	brotli	1.2.0-1	7e09cbe15c6b8036f85c2faa2ea423f6115e21f84e7c5da10a8492adef816dcb	brotli	https://archlinuxarm.org/packages/aarch64/brotli/files
core	btrfs-progs	7.1-1	00904967911fdf32a2b418106fa8a6630b1bc11d32d139909ae000ef360dcd69	btrfs-progs	https://archlinuxarm.org/packages/aarch64/btrfs-progs/files
core	bzip2	1.0.8-6	02a7daeb697009006d66eb4dc7d1732c050c6b3636cc275b4786f69c409a03ea	bzip2	https://archlinuxarm.org/packages/aarch64/bzip2/files
core	ca-certificates	20240618-1	781ed256a62068ba00325fcf1057cdb3cea1711c85ad753602b368be9c556ac2	ca-certificates,ca-certificates-utils	https://archlinuxarm.org/packages/aarch64/ca-certificates/files
core	coreutils	9.11-2	574349820b8ff3b63e894a024fd12ff1eb4e83889708fb90bab8dd29e0ef8c37	coreutils	https://archlinuxarm.org/packages/aarch64/coreutils/files
core	cracklib	2.10.3-1	f37c3a9621abe863629e70efcac9f68cdca212ecc657c8a19ef139401dcd6e4a	cracklib	https://archlinuxarm.org/packages/aarch64/cracklib/files
core	cryptsetup	2.8.7-1	9984e05abdc90eb09c81915613b6d01f49638124cb6fcf05b0e14ebf9f98b6d4	cryptsetup	https://archlinuxarm.org/packages/aarch64/cryptsetup/files
core	curl	8.21.0-1	30d9658f1ae8581b84f46ef7d02e9bf3cad4633fe2ef2ec23dfc30364e783e23	curl	https://archlinuxarm.org/packages/aarch64/curl/files
core	db5.3	5.3.28-7	60438186695ee5a6fa89750de80aeae5f02596e951244a89205f875eab331cee	db5.3	https://archlinuxarm.org/packages/aarch64/db5.3/files
core	dbus	1.16.2-1	a1094a76892b1cf631163dc59e035a1993eca1fa0ca5339acc950ff9c0f866ad	dbus	https://archlinuxarm.org/packages/aarch64/dbus/files
core	dbus-broker	37-3	0d59b0122fd6665ea7c807e5b4d9d655c4a84e092d5ee9c5f624e70c9054a016	dbus-broker,dbus-broker-units,dbus-units	https://archlinuxarm.org/packages/aarch64/dbus-broker/files
core	diffutils	3.12-2	77006db633ba31087df3dc9d49a5ef384c5029bf459a68217bcc12d3ac537f01	diffutils	https://archlinuxarm.org/packages/aarch64/diffutils/files
core	dosfstools	4.2-5	536c5f3a8822050e37b5ec6a9dab3a2a2d576b25e885e8be8e25b9f3891793a0	dosfstools	https://archlinuxarm.org/packages/aarch64/dosfstools/files
core	e2fsprogs	1.47.4-1	dce8a187732135a81423ce2beeb8a6c7778588354c30d9fbf7b7e08769bc588b	e2fsprogs	https://archlinuxarm.org/packages/aarch64/e2fsprogs/files
core	efibootmgr	18-4	d41c835389a3cd1b5f31a099795565ce18fc09b3fca0a383b11b76c7d5041640	efibootmgr	https://archlinuxarm.org/packages/aarch64/efibootmgr/files
core	efivar	39-2	1f49baf9b6aa462000f9c0ce5611a681beb8fd82650299fbd9de8182128e9519	efivar	https://archlinuxarm.org/packages/aarch64/efivar/files
core	elfutils	0.195-1	610be8da0551c57784e1ae4cf081e178946c944af80398727c9655aca0412821	libelf	https://archlinuxarm.org/packages/aarch64/libelf/files
core	expat	2.8.2-1	f95491164fe6878ab76ca55b318ba8db015e59d470f021680d162f814ce37ad7	expat	https://archlinuxarm.org/packages/aarch64/expat/files
core	fakeroot	1:1.37.2-2	4aee478ff78766aeff037653dd281f8bb662d66c0329398bcd13165717eda6c9	fakeroot	https://archlinuxarm.org/packages/aarch64/fakeroot/files
core	file	5.48-1	f9a23048a6a711f4e7db18c0c5d94af04483fc1abe42218b9b70df4af2b86d35	file	https://archlinuxarm.org/packages/aarch64/file/files
core	filesystem	2025.10.12-1	2b06bafd1f0b0b5d7556574602c56c37dc9c7f5c8bc390d2039d2eff4522e870	filesystem	https://archlinuxarm.org/packages/aarch64/filesystem/files
core	findutils	4.11.0-1	60f979b7a4036a8673cecbf8d7cade89b8847dc082b9b4046dc49cf694b69462	findutils	https://archlinuxarm.org/packages/aarch64/findutils/files
core	gawk	5.4.1-1	68304957cd92ea7c48e985ab7e93fc2b61154ab2a4eb1b51529738e3a7079c20	gawk	https://archlinuxarm.org/packages/aarch64/gawk/files
core	gcc	16.1.1+r12+g301eb08fa2c5-1	6ca8777ee59ef941ed59f37bd70263af70babddf4bd05633cb2867b739b90357	gcc-libs,libasan,libatomic,libgcc,libgfortran,libgomp,liblsan,libobjc,libquadmath,libstdc++,libtsan,libubsan	https://archlinuxarm.org/packages/aarch64/gcc-libs/files
core	gdbm	1.26-2	f57b9571ac40cd06e304eb193843586093084467fa73680de4847a5b3767ed18	gdbm	https://archlinuxarm.org/packages/aarch64/gdbm/files
core	gettext	1.0-2	b502a4db26a8cc4d24e3762344401432a9fd1739f78928b77ae9fbb070fe1a4b	gettext	https://archlinuxarm.org/packages/aarch64/gettext/files
core	glib2	2.88.2-1	6901388cecbe0ca585b34516b85f5c7ed4d6bc8fb690ceae99f6661ef295aa9a	glib2	https://archlinuxarm.org/packages/aarch64/glib2/files
core	glibc	2.43+r22+g8362e8ce10b2-2	84b79b6befb879c1107b1af33c96faadf918748bb582830671f7fcbc60b31db6	glibc	https://archlinuxarm.org/packages/aarch64/glibc/files
core	gmp	6.3.0-3	2d1d980123d736a3ca9a3396e7e7ff5e9ae8f2f13068128789ccb752e2cc3cca	gmp	https://archlinuxarm.org/packages/aarch64/gmp/files
core	gnulib-l10n	20241231-1	928d199f8bb8f61ceaaa1555129e7f917a1d00e9dbb9075f441a6f2eb23b7432	gnulib-l10n	https://archlinuxarm.org/packages/aarch64/gnulib-l10n/files
core	gnupg	2.4.9-2	bec91a1efed26d5f17a4523746e68af416e56488ef83601902462255be472175	gnupg	https://archlinuxarm.org/packages/aarch64/gnupg/files
core	gnutls	3.8.13-2	8195a2a3ed568d1a4143c6222d53fbef636e60527b3e534356acb316443b51e6	gnutls	https://archlinuxarm.org/packages/aarch64/gnutls/files
core	gpgme	2.1.2-1	047fbcee37a1d5b9cb6884b4c9489a36861cdd70d6c654498c80c376213e0e69	gpgme	https://archlinuxarm.org/packages/aarch64/gpgme/files
core	gpm	1.20.7.r38.ge82d1a6-6	8e0bed0afd210badac8746dc3150448d8f831581ac3149be2bf8f065a6dba59a	gpm	https://archlinuxarm.org/packages/aarch64/gpm/files
core	grep	3.12-2	7fc54b2c7d8d18e74edf731daecfe4a2c0dee840b317953988b67387aa774d3c	grep	https://archlinuxarm.org/packages/aarch64/grep/files
core	groff	1.24.1-1	5ab53c4862a0eff967843eb7519dcf9701a011c5cfaa25783c5fe305d22b007c	groff	https://archlinuxarm.org/packages/aarch64/groff/files
core	grub	2:2.14-1.1	0901d164468944aa3d6e72ebfd43cf4f6113200a5912401d9311350c09e57b0d	grub	https://archlinuxarm.org/packages/aarch64/grub/files
core	gzip	1.14-2	91c3f68ee2e44f5b48162580595e65edc3acefe4554b13a4eeed2dccc67af41f	gzip	https://archlinuxarm.org/packages/aarch64/gzip/files
core	hwdata	0.409-1	edfa7597602e29538db34eceb0cdd939cb3b9e2e8b2336dd58c4956b6b39e7ac	hwdata	https://archlinuxarm.org/packages/aarch64/hwdata/files
core	iana-etc	20260530-1	774702b7647b9b6897d5f72cd3418b64933a700dbc099cea37950b981760d3db	iana-etc	https://archlinuxarm.org/packages/aarch64/iana-etc/files
core	icu	78.3-1	8c39c59e994612ff76d3580bacf3ca9c8b478d07a620474d28c839fbad3a6b8a	icu	https://archlinuxarm.org/packages/aarch64/icu/files
core	iproute2	7.1.0-1	6d4082bfadce4d90c0d4f8467317bc47af6baff5c23f1545dd9e41b107edd389	iproute2	https://archlinuxarm.org/packages/aarch64/iproute2/files
core	iptables	1:1.8.13-1	96a1a1c2d3c0a94510de0826d76835b85f56026466f537d145ac50b11c59711a	iptables	https://archlinuxarm.org/packages/aarch64/iptables/files
core	iputils	20250605-1	a59958ba66cf2a3437ad508cae9b5f526ecdb77d0dbe0bee722e330d97b69be9	iputils	https://archlinuxarm.org/packages/aarch64/iputils/files
core	iw	6.17-1	53a57ef53dd79ba6da9adf4a64b9997da331fb46dbd1bd0540e206356af851bd	iw	https://archlinuxarm.org/packages/aarch64/iw/files
core	jansson	2.15.0-1	46babe79b90136d56c28a1a13d88383b7e5a37656e683a0d2661964b5c9ef4c3	jansson	https://archlinuxarm.org/packages/aarch64/jansson/files
core	json-c	0.19-1	13c98b390b5e98479b92813f02f393a51722e6ee80b821c00110c16c8d925e9c	json-c	https://archlinuxarm.org/packages/aarch64/json-c/files
core	kbd	2.10.0-1	4515a72adc31e06e4394bbc48eb236455d8216b961d6cf20dd0f42591edd1e85	kbd	https://archlinuxarm.org/packages/aarch64/kbd/files
core	keyutils	1.6.3-4	c2a1de2a309b55664bea10fc9007652287cc27247594b55e95c1d7d2a2fe44a5	keyutils	https://archlinuxarm.org/packages/aarch64/keyutils/files
core	kmod	34.2-1	668d42a523ef0beeaaadf5cca89890ea8d212fce3c195db74ea75b854eb4af1e	kmod	https://archlinuxarm.org/packages/aarch64/kmod/files
core	krb5	1.22.2-1	61554e0ed211c61c29a21167a06f5000901b7fa41172ae1fb6f7d32b60f8d30c	krb5	https://archlinuxarm.org/packages/aarch64/krb5/files
core	leancrypto	1.8.0-1	339493a3999418a71d7782c8e2c4dd2c9dbc818bdd1a02c357088f89b4012ab2	leancrypto	https://archlinuxarm.org/packages/aarch64/leancrypto/files
core	less	1:704-1	c3d6200ec32e13d33944de31591f8644b09091b1664b53a1956340579a65b0c2	less	https://archlinuxarm.org/packages/aarch64/less/files
core	libaio	0.3.113-4	4513269001ca28addefa8e85290d157d766c256616693c3d55a5c85e486b0150	libaio	https://archlinuxarm.org/packages/aarch64/libaio/files
core	libarchive	3.8.8-2	de21dccdc65cad96232e94b99f302f48f6c69aa49b25a187e857046e51ccb589	libarchive	https://archlinuxarm.org/packages/aarch64/libarchive/files
core	libassuan	3.0.0-1	15d1af7ceebc87838042f8c7464030728ccd564e9cb410334a6bd2551c29e1ff	libassuan	https://archlinuxarm.org/packages/aarch64/libassuan/files
core	libbpf	1.7.0-1	7c36f8d7001dc5a402067151fb2a86b9e21d89a581fed2436ffc52fcdc657682	libbpf	https://archlinuxarm.org/packages/aarch64/libbpf/files
core	libcap	2.78-1	550eb413a77e92784c16b802c813d0631a08c13252d79149bd64fa74847e4b51	libcap	https://archlinuxarm.org/packages/aarch64/libcap/files
core	libcap-ng	0.9.3-1	abe2ab0a098e0f099ca58e674ee61e0e4d2376626369f5ae300b13f367b080b7	libcap-ng	https://archlinuxarm.org/packages/aarch64/libcap-ng/files
core	libedit	20260512_3.1-1	b9265146501f036b725200173455f3b9834053e0218283dc2d8a7b489e9c266f	libedit	https://archlinuxarm.org/packages/aarch64/libedit/files
core	libevent	2.1.13-2	f00893dae6973b9288ffac39899dfa58aa2dddb2d3d692a0780fd848c679bc52	libevent	https://archlinuxarm.org/packages/aarch64/libevent/files
core	libffi	3.7.1-1	cbd0a5558d00ad5389a4a96430fc2d1620f32d970da2156def6b5df13da89db0	libffi	https://archlinuxarm.org/packages/aarch64/libffi/files
core	libgcrypt	1.12.2-1	89822b0da99aa19ecee3e13ab9591f19316414a00490bef41df6114f2933e28f	libgcrypt	https://archlinuxarm.org/packages/aarch64/libgcrypt/files
core	libgpg-error	1.61-1	32083efead26c3753849cf3af34e1f16af82516bddeeabbf16ac920bd58f7025	libgpg-error	https://archlinuxarm.org/packages/aarch64/libgpg-error/files
core	libidn2	2.3.8-1	c815f902639a24cad6b83df3746efc7cdea76b780e88bf93f4205c0b071d986c	libidn2	https://archlinuxarm.org/packages/aarch64/libidn2/files
core	libinih	62-2	c5604cb740de23ed167678639638be9426425279a8c3b63afce28999aa49b43b	libinih	https://archlinuxarm.org/packages/aarch64/libinih/files
core	libksba	1.8.0-1	229d511c55450ebe37dcf4ac1c9e48ca45d60b312b81eec45ff6bccc2278a7ff	libksba	https://archlinuxarm.org/packages/aarch64/libksba/files
core	libmakepkg-dropins	20-1	212d384270d19d253033d71128b99243ad7ebe745a586959108287c6ccd23925	libmakepkg-dropins	https://archlinuxarm.org/packages/aarch64/libmakepkg-dropins/files
core	libmnl	1.0.5-2	b63cad2b7704ab10d78a5b572e00a73ab40dd68b08e9e9a3a547ac21d7f50767	libmnl	https://archlinuxarm.org/packages/aarch64/libmnl/files
core	libnetfilter_conntrack	1.1.1-1	05a87f02630d99ec5df366413213e10ec8abd6db94f00aa24eb2f0785d9094e6	libnetfilter_conntrack	https://archlinuxarm.org/packages/aarch64/libnetfilter_conntrack/files
core	libnfnetlink	1.0.2-2	1f53b4fe6280c36602fdc7d32625951120e46ca73de047f5b0b100a9a4aca98b	libnfnetlink	https://archlinuxarm.org/packages/aarch64/libnfnetlink/files
core	libnftnl	1.3.1-1	6b3272d9bbdb1659398f582a369072a25241eb0f022d2b55943893a73741ec75	libnftnl	https://archlinuxarm.org/packages/aarch64/libnftnl/files
core	libnghttp2	1.69.0-1	c9cc5aa1f0b9bb5fa44029cc02f3c0b1902917996166a4ecf088f452a5b8c6f5	libnghttp2	https://archlinuxarm.org/packages/aarch64/libnghttp2/files
core	libnghttp3	1.17.0-1	bfbbaa7075e40cc6c9c4fdf34fd1d9f03c5d4e7b6cd871232ce57bec179760bc	libnghttp3	https://archlinuxarm.org/packages/aarch64/libnghttp3/files
core	libngtcp2	1.24.0-1	eb459dafc627e7141739607eb5bd937985d1b4d6bf226575c2ec54d6f2dbac72	libngtcp2	https://archlinuxarm.org/packages/aarch64/libngtcp2/files
core	libnl	3.12.0-1	da492fb005b724bc410b361b2fedb2fa3a1324362b39030f5d66de2ec1a354ba	libnl	https://archlinuxarm.org/packages/aarch64/libnl/files
core	libnsl	2.0.1-2	50b10709e7f21f67b3929c2e9f61654aa4626ad2db506dad9760df9a5f092942	libnsl	https://archlinuxarm.org/packages/aarch64/libnsl/files
core	libpcap	1.10.6-1	5faad7dffcc714a421dd49ec81bc5334a784de74253fe7ec7f490914769601c2	libpcap	https://archlinuxarm.org/packages/aarch64/libpcap/files
core	libpipeline	1.5.8-1	b8e09ca199008bba0e6edaabf39d351a7faeddcdcebb43b7b7bf82e00176a38e	libpipeline	https://archlinuxarm.org/packages/aarch64/libpipeline/files
core	libpsl	0.21.5-2	e6cd4581d7014ba69ccc1fb6eb858cc59a01c7c7daeed7620080f7165eabbc72	libpsl	https://archlinuxarm.org/packages/aarch64/libpsl/files
core	libsasl	2.1.28-5	fd938f804b6492d7503b2bc41c177aed2af4638398c557c1252bc4ff9705a060	libsasl	https://archlinuxarm.org/packages/aarch64/libsasl/files
core	libseccomp	2.6.0-1	a3d7f2c00f00fedb42e7ca7d2476d89d44ffc68056c22925c65ed8637ce1e633	libseccomp	https://archlinuxarm.org/packages/aarch64/libseccomp/files
core	libsecret	0.21.7-1	ec802292f35a348b468a654d228eaabd01f08bf6487e778361b08ba2313f76d9	libsecret	https://archlinuxarm.org/packages/aarch64/libsecret/files
core	libssh2	1.11.1-6	537456b9d672be470520330ccb913ae4f533d1bf1fd74b42882bb15819eab5f6	libssh2	https://archlinuxarm.org/packages/aarch64/libssh2/files
core	libtasn1	4.21.0-1	d08a976d97ddbf40eb74c270c35bbfe3f55181ec25c601ada353473cb579108e	libtasn1	https://archlinuxarm.org/packages/aarch64/libtasn1/files
core	libtirpc	1.3.7-1	b8fdf27e2c2f704a1f415402495482efaaef96ad8479419b9701c87a89217ec9	libtirpc	https://archlinuxarm.org/packages/aarch64/libtirpc/files
core	libtool	2.6.0+r23+gb08cb0a0-1	f5ba02626e05d04ae8dea6d1f6268dab6f7cecc1de1cb09802b68184da6019ec	libtool	https://archlinuxarm.org/packages/aarch64/libtool/files
core	libunistring	1.4.2-1	914acdb6667c5e08735c15a830601a52433b4fe5717979d6224cbcfd6761e979	libunistring	https://archlinuxarm.org/packages/aarch64/libunistring/files
core	libusb	1.0.30-1	983467298b4c1c7f48579d3a322bad8e79720afbed495572499e594d7cb19b62	libusb	https://archlinuxarm.org/packages/aarch64/libusb/files
core	libverto	0.3.2-6	10e4ddffe619a7e784ad18c23a5a7a8f51b544b9ec2066f9268c519eb9701e73	libverto	https://archlinuxarm.org/packages/aarch64/libverto/files
core	libxcrypt	4.5.2-1	c3c1e750db3d6938789052d941a9e2ef62b8222203029636da7c365600588336	libxcrypt	https://archlinuxarm.org/packages/aarch64/libxcrypt/files
core	libxml2	2.15.3-1	da51a7f92dc06e029716330c7098202b1fcbda17bd9c695b9366fd993b76f1a1	libxml2	https://archlinuxarm.org/packages/aarch64/libxml2/files
core	licenses	20240728-1	d2015d6821dccc5206c2b1b9e1f3c4b65efee336e295e5944fa4a0df1cc5fbff	licenses	https://archlinuxarm.org/packages/aarch64/licenses/files
core	linux-api-headers	7.1-1	8adee3b08ab1f51379d7f1bc487c7c5fd8bbe6e848ffc42dfae4164f81c5138e	linux-api-headers	https://archlinuxarm.org/packages/aarch64/linux-api-headers/files
core	lvm2	2.03.41-1	94515527497a03cbcceafe791ae036aa26e114eb17ce783eabd9a07a74a3ec6b	device-mapper,lvm2	https://archlinuxarm.org/packages/aarch64/device-mapper/files
core	lz4	1:1.10.0-2	b749e11ccc4ca7f6facde1d1800bf216114001bf04c4eeddf0706404b00d2426	lz4	https://archlinuxarm.org/packages/aarch64/lz4/files
core	lzo	2.10-5	03ba7202e7d966c42009b70aecd793915718a994e5d6c406dc77291b15414aa2	lzo	https://archlinuxarm.org/packages/aarch64/lzo/files
core	man-db	2.13.1-2	2b64c906ba396e718f8850ef9be527d4549541bd7646e4f9c377dafafff24376	man-db	https://archlinuxarm.org/packages/aarch64/man-db/files
core	man-pages	6.18-1	aeb4af98357ba2b403661911ef34231a4c5fd3536f1b946c5ad1cdbb7937158d	man-pages	https://archlinuxarm.org/packages/aarch64/man-pages/files
core	mdadm	4.6-2	54b9b76f303c20e9c717e0a622373eb095d38bfa81a9cb9d226d8c78a4f7a4fa	mdadm	https://archlinuxarm.org/packages/aarch64/mdadm/files
core	mkinitcpio	41-4	ba8deb959fda4b8efe9b1950f96bb1d9de141df4c543c45f33d1a903f8560674	mkinitcpio	https://archlinuxarm.org/packages/aarch64/mkinitcpio/files
core	mkinitcpio-busybox	1.36.1-1	0e0be90d9e2852498c697468e1eacf9510666558f8237309e623559559f9a9c4	mkinitcpio-busybox	https://archlinuxarm.org/packages/aarch64/mkinitcpio-busybox/files
core	mpdecimal	4.0.1-3	073e6da53bc36fb4ae2c58e217706e8ca422f2001b8ea2e49baa190e0aefa917	mpdecimal	https://archlinuxarm.org/packages/aarch64/mpdecimal/files
core	mpfr	4.2.2-1	21e4bbd6a4a45dc461a33b1d854afd4f3339d2bd8ff854d3bb4a0f76daa4afd0	mpfr	https://archlinuxarm.org/packages/aarch64/mpfr/files
core	nano	9.1-1	4f01818dd5c5e278ca04f2859180c13499d00ca554fd2cb801b1d93c556fa6fb	nano	https://archlinuxarm.org/packages/aarch64/nano/files
core	ncurses	6.6-2	3743f7460ab1b0ebe37130a09b2cc532ef8acb8d4c162cf2f4d2c80b33b1e32b	ncurses	https://archlinuxarm.org/packages/aarch64/ncurses/files
core	nettle	4.0-1	a8f3cb29ddc54f177e4d1c92e9b8f136aefc4d8693d4ee971b930dd7be0c8fb1	nettle	https://archlinuxarm.org/packages/aarch64/nettle/files
core	npth	1.8-1	1eb59f09b3674c9c4b37f5814b4d8a52d458847291284fed1d0ae74a2e58feb6	npth	https://archlinuxarm.org/packages/aarch64/npth/files
core	nspr	4.39-1	e1af96583b9cd907fee84b10788d8e0457627ff07e92214ee9624f295bd7bcdf	nspr	https://archlinuxarm.org/packages/aarch64/nspr/files
core	nss	3.126-1	8988f765ce0c5ad9f37dad1416f6c84aec9f4c035ec7321a76a420e06e37732a	ca-certificates-mozilla,nss	https://archlinuxarm.org/packages/aarch64/ca-certificates-mozilla/files
core	openldap	2.6.13-1	d7f7d20ed78989411e278b8ae51ab5ade58412a42fc79c67de66d372eace169c	libldap	https://archlinuxarm.org/packages/aarch64/libldap/files
core	openssh	10.4p1-3	0a3c94dd93950e5b99a9da6de64be7c8eedf44f404113259ae135a89836efb44	openssh	https://archlinuxarm.org/packages/aarch64/openssh/files
core	openssl	3.6.3-1	d5ea144e9bd2e00cf8d1cec11d4ac2430825f4193c14c379e39a232dbd2e779c	openssl	https://archlinuxarm.org/packages/aarch64/openssl/files
core	p11-kit	0.26.4-1	d2389a1b07054dc6e27b640396a83daa8b80a7ac2f17f40147fcf56c5c73a9bc	libp11-kit,p11-kit	https://archlinuxarm.org/packages/aarch64/libp11-kit/files
core	pacman	7.1.0.r9.g54d9411-2	3064461fa0821e329e5c9fce4962016e358e1b0d5d259c5d18f7a77174c80219	pacman	https://archlinuxarm.org/packages/aarch64/pacman/files
core	pacman-mirrorlist	20260411-2	3c572d5146f4f5e383f24e3470a95612c6b5d0c4ee6d9b01b7bc94eb4e4a0559	pacman-mirrorlist	https://archlinuxarm.org/packages/aarch64/pacman-mirrorlist/files
core	pam	1.7.2-2	d3e8bed9ea31a7afe06bf3108dc414634326ba1a01b7967942560df40f8e76fd	pam	https://archlinuxarm.org/packages/aarch64/pam/files
core	pambase	20260616-1	d015a5b8fc465edd09eb8ce42d604043c91cc48be82b3d735a73beb1d7e08336	pambase	https://archlinuxarm.org/packages/aarch64/pambase/files
core	pciutils	3.15.0-1	2bf7eda94847461efadb7e3068d51ccbfdee959b9b8d73e0ea853a10782adf6f	pciutils	https://archlinuxarm.org/packages/aarch64/pciutils/files
core	pcre	8.45-4	186874f0ec226d2f79f4ae9e4ef9a292846c57c672e8a928c74f2b7d21849340	pcre	https://archlinuxarm.org/packages/aarch64/pcre/files
core	pcre2	10.47-1	eac4f32e58881d091caaa747e011334248be52ea954b804d1c1296a481ba59cd	pcre2	https://archlinuxarm.org/packages/aarch64/pcre2/files
core	perl	5.42.2-1	c85a75bb014ad336e0921e049b63089f06179b0f0ad33c93399de4decf5455e9	perl	https://archlinuxarm.org/packages/aarch64/perl/files
core	pinentry	1.3.3-1	cf545f066b2e618f5e18abf62b14a99b7147d2f360a634c036248ba2dac2877e	pinentry	https://archlinuxarm.org/packages/aarch64/pinentry/files
core	popt	1.19-2	aea07d344a6860a5fc439e424cf07c08a42bafab173a9b23983464636a7ee9d0	popt	https://archlinuxarm.org/packages/aarch64/popt/files
core	procps-ng	4.0.6-3	73864b9c26f8e8e41bd72ad2531bfdbe654b8270c69cf3c8de20479bfebb90b3	procps-ng	https://archlinuxarm.org/packages/aarch64/procps-ng/files
core	psmisc	23.7-2	d38125da8a6b94e36010c8a7786b3a455c4a8ffe0ee122dfc35ccbb676d2ba74	psmisc	https://archlinuxarm.org/packages/aarch64/psmisc/files
core	python	3.14.6-1	da641693b05bc2d5dfbec8f008174d156b8e305bf5bef0d414ea88e0e29392e9	python	https://archlinuxarm.org/packages/aarch64/python/files
core	readline	8.3.003-1	8baaf545e1849ae3e02bda9774322c179271e2c002e28f108954ee3a40053622	readline	https://archlinuxarm.org/packages/aarch64/readline/files
core	sed	4.10-1	626a3310a6433868799f64d14b46878b6a6a40c640f805250522c1b7fd349c22	sed	https://archlinuxarm.org/packages/aarch64/sed/files
core	shadow	4.19.4.arch1-1	3038793f96ce0e6871a202f49352ed05cb436c5dc688cedfc16d368edcbfd965	shadow	https://archlinuxarm.org/packages/aarch64/shadow/files
core	sqlite	3.53.3-1	7ef5ddf3768e0ff5cf237d562e8e0f534187150fe5d21c76e37be4ffd92661f3	sqlite	https://archlinuxarm.org/packages/aarch64/sqlite/files
core	sudo	1.9.17.p2-6	b8d0b6b203377e5fa6c2c7a00a329a595779f4dbee350241713ddd7d58adbebd	sudo	https://archlinuxarm.org/packages/aarch64/sudo/files
core	systemd	261.2-1	2ddd090f3ed2e8765b060ea8de339aa278ae51db1bd64c541a12d8495d325d2c	systemd,systemd-libs,systemd-sysvcompat	https://archlinuxarm.org/packages/aarch64/systemd/files
core	tar	1.35-2	d03553082541f0e0c3eb0feb202ea8eb760ca17edd9dff4112657d9d1bc6c1fb	tar	https://archlinuxarm.org/packages/aarch64/tar/files
core	thin-provisioning-tools	1.3.3-1	903d8252577c4bcc41bf8c5c3621877419a9565c70c9084713ad6687e8c668b3	thin-provisioning-tools	https://archlinuxarm.org/packages/aarch64/thin-provisioning-tools/files
core	tpm2-tss	4.1.3-1	e0765e1bb1d9a96ebcd035432eae5c90cb5c97c9143470f9478ff509bc625f43	tpm2-tss	https://archlinuxarm.org/packages/aarch64/tpm2-tss/files
core	tzdata	2026c-1	8fe75fc1f636b3454fabf9cb415d42e2a27489ea654bbd6cc0f11e6cf07c031c	tzdata	https://archlinuxarm.org/packages/aarch64/tzdata/files
core	usbutils	019-1	f0c1a34c799df51b0e88eeb495589b6ab545d0013368994438268fcb8fc08991	usbutils	https://archlinuxarm.org/packages/aarch64/usbutils/files
core	util-linux	2.42.2-1	4a190995d2394edf3c0a97625e9dbfbdf073975f235ae42148a68991b9bc205c	util-linux,util-linux-libs	https://archlinuxarm.org/packages/aarch64/util-linux/files
core	wireless-regdb	2026.05.30-1	5a8698a6fecd32f513f6ed04e5e8b4c100f2c2676ec9de10860b45b9eebf9ec7	wireless-regdb	https://archlinuxarm.org/packages/aarch64/wireless-regdb/files
core	wpa_supplicant	2:2.11-5	933d5390d6a4b48c290a6cb64b4681c2e3bc79fe41a52c02064c03cf3abe8ac0	wpa_supplicant	https://archlinuxarm.org/packages/aarch64/wpa_supplicant/files
core	xz	5.8.3-1	e29ddff240b43f5fe479e0c835f8022f1a92a92dda5feb14e7258c4ec9ced447	xz	https://archlinuxarm.org/packages/aarch64/xz/files
core	zlib	1:1.3.2-3	f80b98c3bbba2ca8a3042bbb9fbc3b77046d7d4699ff275ede87cbe234fe9707	zlib	https://archlinuxarm.org/packages/aarch64/zlib/files
core	zstd	1.5.7-3	924e4284597f6aede736f70c189d7b4a2445e99b88fdf7e6580e434494c6553f	zstd	https://archlinuxarm.org/packages/aarch64/zstd/files
extra	aalib	1.4rc5-19	25b739bb88171c58ecdd00c79ba3801d58720208007dd4ab4199db1c8f7bd0fd	aalib	https://archlinuxarm.org/packages/aarch64/aalib/files
extra	abseil-cpp	20260526.0-2	0beae63c678273d0e0ac426791b94770ba6bf40043e0c554aaacb3b92f1e2227	abseil-cpp	https://archlinuxarm.org/packages/aarch64/abseil-cpp/files
extra	accountsservice	26.27.3-1	ba0ea79b3427f55836486882f9f99da75da151be22cd44ed921a94f867404cce	accountsservice	https://archlinuxarm.org/packages/aarch64/accountsservice/files
extra	adwaita-fonts	50.0-1	e10a2940b4321897dd9100c321e4ab61e0fe3daa22317fd2844bacae21e7eff0	adwaita-fonts	https://archlinuxarm.org/packages/aarch64/adwaita-fonts/files
extra	adwaita-icon-theme	50.0-1	6da56a107245a16877c1c8cdca50b46e4fd9246d4422d567f4690260acc6e87f	adwaita-cursors,adwaita-icon-theme	https://archlinuxarm.org/packages/aarch64/adwaita-cursors/files
extra	adwaita-icon-theme-legacy	46.2-3	bbfbc45f0e4567daea058e57879f4a063c0c92a3d85126b6aa847e5f8a4ac77f	adwaita-icon-theme-legacy	https://archlinuxarm.org/packages/aarch64/adwaita-icon-theme-legacy/files
extra	alsa-lib	1.2.16.1-1	a113e0f7e94ba8a3f93fe0b40490ffe0c26375421b69a33712ddf90147d37fc5	alsa-lib	https://archlinuxarm.org/packages/aarch64/alsa-lib/files
extra	alsa-topology-conf	1.2.5.1-4	712bb5eb8879d129d227948e6b1e97b8b4777d4f8f77ca2231f8836faa675ea2	alsa-topology-conf	https://archlinuxarm.org/packages/aarch64/alsa-topology-conf/files
extra	alsa-ucm-conf	1.2.16.1-1	3ee2a673bcf747fed970ecc2804b941c79ab60e80d4e623733fb17a0bb24030c	alsa-ucm-conf	https://archlinuxarm.org/packages/aarch64/alsa-ucm-conf/files
extra	alsa-utils	1.2.16-1	e95e07bd2d623721f9ab46bca6215a08734c2f4deea18e06610cd9a1bd8b206d	alsa-utils	https://archlinuxarm.org/packages/aarch64/alsa-utils/files
extra	aom	3.14.1-1	0290f62821568d48b675b3317d537858056cc80617e8009c12eeaf8d90be4cf9	aom	https://archlinuxarm.org/packages/aarch64/aom/files
extra	appstream	1.1.5-1	39cdf085dd0c8b0bb85a23b453ae9f967de298d90678016717645cce7d26f6ba	appstream	https://archlinuxarm.org/packages/aarch64/appstream/files
extra	arch-install-scripts	31-1	06ea10028c4b53182178693cdc5c9bb5066109f028853cbf9fbb0543d6e1059c	arch-install-scripts	https://archlinuxarm.org/packages/aarch64/arch-install-scripts/files
extra	at-spi2-core	2.60.5-1	6d422c6e3486507d6c590e8b3a2619e888215543e070a559130f735781af055d	at-spi2-core	https://archlinuxarm.org/packages/aarch64/at-spi2-core/files
extra	atkmm	2.28.5-2	2ee66e0818ff51bcec652ebdc3235607527b056fbcd685156d0ae55c80539f8b	atkmm	https://archlinuxarm.org/packages/aarch64/atkmm/files
extra	avahi	1:0.9rc5-1	211b2925a0588ae841c795366ba8415d8a64860d7c04693e4b25860444c6a998	avahi	https://archlinuxarm.org/packages/aarch64/avahi/files
extra	b3sum	1.8.4-1	3da8a9924e314c8746515b01c18c7f7e5ce2a7584e68891e123b60a366993098	libblake3	https://archlinuxarm.org/packages/aarch64/libblake3/files
extra	baobab	50.0-1	b113ded043f856d40c36a08a57c3847eb784b4d1915e2a0fb2beb4446f841a0f	baobab	https://archlinuxarm.org/packages/aarch64/baobab/files
extra	bash-completion	2.18.0-1	10e217cd51de0229afe28d9fca238d178b83a925cd9c041e8a547c037562a121	bash-completion	https://archlinuxarm.org/packages/aarch64/bash-completion/files
extra	bluez	5.87-2	09d7b7cdc8e79db73b41dde38ace29293454c11824fe8f19b394e461ad3a100e	bluez,bluez-libs,bluez-obex,bluez-utils	https://archlinuxarm.org/packages/aarch64/bluez/files
extra	bolt	0.9.11-1	46945fb618d3e78f70862f0fe9cc7d49b869ae36ad2e694f7e1fb41398854f6b	bolt	https://archlinuxarm.org/packages/aarch64/bolt/files
extra	brightnessctl	0.5.1-3	b071f9b55282bdc56d4fedb66634789ec9eaa07f04ee9b6d4220e9158918f907	brightnessctl	https://archlinuxarm.org/packages/aarch64/brightnessctl/files
extra	brltty	6.9.1-3	82526b91c8515e47d3c3f456d100b6bccd83e33d17e1babd6841e378a75a9347	brltty,python-brltty	https://archlinuxarm.org/packages/aarch64/brltty/files
extra	bubblewrap	0.11.2-1	496c9747e0c8597474667054638bcdcd3e8cc12b93e02cd007a6500506ec4832	bubblewrap	https://archlinuxarm.org/packages/aarch64/bubblewrap/files
extra	cairo	1.18.4-1	fd70f3f32265f41ddd89c02b9049f0fc548b7105b14fbe2fcf58712d12421d20	cairo	https://archlinuxarm.org/packages/aarch64/cairo/files
extra	cairomm	1.14.6-1	be3bccc754b7507d59a5ef0c591e26b091814a9ff783605834d2a572f5b98b7d	cairomm	https://archlinuxarm.org/packages/aarch64/cairomm/files
extra	cairomm-1.16	1.18.1-1	dec0cd7534a950f041d15b697c59cfbc7f33e098a049f12ccab2341e967feb59	cairomm-1.16	https://archlinuxarm.org/packages/aarch64/cairomm-1.16/files
extra	cdparanoia	10.2-10	41c456eed5abacd4671bbce518c2abac1de3bb310ecd29d8f00a0234b2973a98	cdparanoia	https://archlinuxarm.org/packages/aarch64/cdparanoia/files
extra	cifs-utils	7.5-1	f6c43160c6b11139278dcaa1d5463604d713764d45588f3acd56fa690d886351	cifs-utils	https://archlinuxarm.org/packages/aarch64/cifs-utils/files
extra	colord	1.4.8-1	a02eca7ac50d31c6c40402f025ec977b2347c2f2d6bdaa8fbf569f764e9a68d3	colord,libcolord	https://archlinuxarm.org/packages/aarch64/colord/files
extra	colord-gtk	0.3.1-1	2974cd8151d080affd15bebea66313cea62f1394eab1e50fe43f26496c895273	colord-gtk-common,colord-gtk4	https://archlinuxarm.org/packages/aarch64/colord-gtk-common/files
extra	cpio	2.15-3	2752a3e9cd06ab745a0c16f2bb304727f02ac45f8a03139c924a07d342dfca34	cpio	https://archlinuxarm.org/packages/aarch64/cpio/files
extra	cups	2:2.4.19-1	884cfe60b6921b712c53870448998895ec8a5ef257df392f68b20efdfb156f36	libcups	https://archlinuxarm.org/packages/aarch64/libcups/files
extra	cups-pk-helper	0.2.7-2	3ada49b58c1bfc590bee9337714223a0db00825d8a8f6debc80c6c11b4f6301a	cups-pk-helper	https://archlinuxarm.org/packages/aarch64/cups-pk-helper/files
extra	dav1d	1.5.4-1	e73b7db5c8bbdd7ef212299ce8d0bb2788264a7128312f4b53944853526d7b82	dav1d	https://archlinuxarm.org/packages/aarch64/dav1d/files
extra	dbus-python	1.4.0-2	8f4568d74596b0833054f2e548fb4290f2dcc28daf1ddee66386afe109a41627	python-dbus	https://archlinuxarm.org/packages/aarch64/python-dbus/files
extra	dconf	0.49.0-1	a79b69683ae272ea619502d4e2d334e62f5075cbe390fe34a415cefaa4cd9c0c	dconf	https://archlinuxarm.org/packages/aarch64/dconf/files
extra	default-cursors	3-1	0bf94855dcdec922c341f5f9d2415265b6e9a57a5a362afec0ad6d4f74b8b7dc	default-cursors	https://archlinuxarm.org/packages/aarch64/default-cursors/files
extra	desktop-file-utils	0.28-1	78c565431df17252ceafc33fa66e0031e32694e59e3e46077f50e6826d63f4ed	desktop-file-utils	https://archlinuxarm.org/packages/aarch64/desktop-file-utils/files
extra	djvulibre	3.5.30.1-1	7f5ed2886da2481e410c01efe5fa39b8e4c7b032f68cc0aa7bdeb39818f82f05	djvulibre	https://archlinuxarm.org/packages/aarch64/djvulibre/files
extra	dotconf	1.4.1-1	35b6c8a9e00d362aed4dafb0f6d08ed5f7fd9dfc78282449c72db916304ecd0c	dotconf	https://archlinuxarm.org/packages/aarch64/dotconf/files
extra	double-conversion	3.4.0-1	4cd8ede380bda806379cc006a52b63d9dcd36fac06ab508d4a1ad6d5f12aaf87	double-conversion	https://archlinuxarm.org/packages/aarch64/double-conversion/files
extra	dtc	1:1.8.1-1	f1109cd14c92e73652d5747f28cf60eaa177e1d2e1dbef173cecf03bdef12c01	dtc	https://archlinuxarm.org/packages/aarch64/dtc/files
extra	duktape	2.7.0-7	a152565198b846b5f5871a579df8654075dfce81716df66cc1f630acdbaa1ea5	duktape	https://archlinuxarm.org/packages/aarch64/duktape/files
extra	editorconfig-core-c	0.12.11-1	01cf5098002c07cab93b2701daa46e3e7c911044dff1882d0489f4cffb1b36b6	editorconfig-core-c	https://archlinuxarm.org/packages/aarch64/editorconfig-core-c/files
extra	egl-wayland	4:1.1.21-1	0174e91603267a6dc669e896ba4a4387faea34536066d0750aa016e997832017	egl-wayland	https://archlinuxarm.org/packages/aarch64/egl-wayland/files
extra	eglexternalplatform	1.2.1-1	c568f9bb28bb4ae15950efa66fd9e12887c3b928e382b966866e4a5b0c7caaba	eglexternalplatform	https://archlinuxarm.org/packages/aarch64/eglexternalplatform/files
extra	enchant	2.8.15-2	bf4985662ac48ba24042f5b170f21cb66c6ad3c00ac49c7acc5183bad7b4022a	enchant	https://archlinuxarm.org/packages/aarch64/enchant/files
extra	espeak-ng	1.52.0-1	fad16def3b1496b5fab0f168ecbf692673c17641720c4ee0bbf638f5e3b10431	espeak-ng	https://archlinuxarm.org/packages/aarch64/espeak-ng/files
extra	exempi	2.6.6-3	ab46193347ba5b65a01c6d65a63f613c94be2a8383383c6fb38cb50465f1785d	exempi	https://archlinuxarm.org/packages/aarch64/exempi/files
extra	exfatprogs	1.4.2-1	f12186a357cf35b82f51f9e3e7a3d5470c71e3abc942b58f59fdc0c575953ea9	exfatprogs	https://archlinuxarm.org/packages/aarch64/exfatprogs/files
extra	exiv2	0.28.8-2	12edd4697d07cb9006c5ee37ff358eeb5450c6f56ff42bc8832a2333f5991d9a	exiv2	https://archlinuxarm.org/packages/aarch64/exiv2/files
extra	ffmpeg	2:8.1.2-10	323d6053515b1bff60306f4274c418b1019ca4839aed6283f2be792867230dfd	ffmpeg	https://archlinuxarm.org/packages/aarch64/ffmpeg/files
extra	fftw	3.3.11-1	348102613fe74553f1f3cb5e003553d4edffcb2103c165bfca6864421db8cd39	fftw	https://archlinuxarm.org/packages/aarch64/fftw/files
extra	firefox	153.0-1	a39ad094154888a841dfc9eb5ddb79ff8e47cfbde21619781f4709b889ee32ea	firefox	https://archlinuxarm.org/packages/aarch64/firefox/files
extra	flac	1.5.0-1	cf79042b181f9da3aec2c58b2272652c5a82a53d3657cd1c6ac564cb1931709f	flac	https://archlinuxarm.org/packages/aarch64/flac/files
extra	fontconfig	2:2.18.2-1	8b0dcaf65b1863da58ffe665ea8fd2bbfae029e90cc3e41874e9921bf453daa0	fontconfig	https://archlinuxarm.org/packages/aarch64/fontconfig/files
extra	freeglut	3.8.0-1	af32c08b748f2f165521e63e4776d20f3bf25f38fe6a385a6ec677042badb5ca	freeglut	https://archlinuxarm.org/packages/aarch64/freeglut/files
extra	freetype2	2.14.3-1	bb61ec4b8e6d9727da5d314d5371dc5cd1333aa315d44cb85d5b98b7f4dff189	freetype2	https://archlinuxarm.org/packages/aarch64/freetype2/files
extra	fribidi	1.0.16-2	5d2e0cadc9a53e1fc9117e17834ffca62508e08ec94b2e845d75665a102c2b47	fribidi	https://archlinuxarm.org/packages/aarch64/fribidi/files
extra	fuse2	2.9.9-5	59203693346a344659927e6b35da9df60f76448a98616e9cf6c44d94983e6a09	fuse2	https://archlinuxarm.org/packages/aarch64/fuse2/files
extra	fuse3	3.18.2-1	c98a8a8a9694c740d15d69ede5d7bc6a7d07c7b3f6b0e34c1e7fc02798c2b722	fuse-common,fuse3	https://archlinuxarm.org/packages/aarch64/fuse-common/files
extra	gcr	3.41.2-2	5f17df9f93c8ce47c44aa311229b8172a07fec7f9a6e3719cda761206f545da6	gcr	https://archlinuxarm.org/packages/aarch64/gcr/files
extra	gcr-4	4.4.0.1-1	96c936a640c249b132f773a878beadf9e2dd0cc3578fa989b9078ccf18ecd3c5	gcr-4	https://archlinuxarm.org/packages/aarch64/gcr-4/files
extra	gd	2.3.3-9	f119e4990614cb8db40c7fed68441e688fa266a19c1a5b1f0bbdf3f7038f8474	gd	https://archlinuxarm.org/packages/aarch64/gd/files
extra	gdk-pixbuf2	2.44.6-2	44546aaadaffb79b440de56bb5c14543de4f42def6260fde299aaf290b555177	gdk-pixbuf2	https://archlinuxarm.org/packages/aarch64/gdk-pixbuf2/files
extra	gdm	50.1-1	4aed9a0c0cd34f0bafd132e426be75f667ed52d8b50f75cd7fc92ea327390244	gdm,libgdm	https://archlinuxarm.org/packages/aarch64/gdm/files
extra	geoclue	2.8.2-1	bc6ec3f7caf2136522573f0a15d414000f4a47af95b65e6522d313ef63abf9ac	geoclue	https://archlinuxarm.org/packages/aarch64/geoclue/files
extra	geocode-glib	3.26.4-6	1ae84e26539f3b83f7f8f28461a4a924469b1fd4dba7dca86d648b10b51fd84a	geocode-glib	https://archlinuxarm.org/packages/aarch64/geocode-glib/files
extra	gexiv2	0.16.1-1	9168a47da8440db01edb8908c729ad63397a8306c0309cfb7a69b37fed0470fd	gexiv2	https://archlinuxarm.org/packages/aarch64/gexiv2/files
extra	giflib	6.1.3-2	b191e1ad131c6c95096fcae1581529ed50b314f0f8e0e237e063250f6340dc8a	giflib	https://archlinuxarm.org/packages/aarch64/giflib/files
extra	gjs	2:1.88.1-1	8c930155a12da6d67636a924393e6237a7b26e99f558ab65ca2f3b72bfcb23bf	gjs	https://archlinuxarm.org/packages/aarch64/gjs/files
extra	glib-networking	1:2.80.1-1	6851f5c6a79a0ff7d7a0fafbffc5f3249ca86c272bcece4e3bd4769e76d22cc3	glib-networking	https://archlinuxarm.org/packages/aarch64/glib-networking/files
extra	glibmm	2.66.9-1	e30eb8467018d7e2941725b28f8bb236b071a8833150b9b2b47dcb016faf3969	glibmm	https://archlinuxarm.org/packages/aarch64/glibmm/files
extra	glibmm-2.68	2.88.1-1	2d3a2452fae70432ad04055ee3839e51c0e220033e772072cca5a754d8710be3	glibmm-2.68	https://archlinuxarm.org/packages/aarch64/glibmm-2.68/files
extra	glslang	1:1.4.350.1-1	74a7d8b71d5090dabaab18eae48d5221d7381177d2e6716e15611bb330adba1c	glslang	https://archlinuxarm.org/packages/aarch64/glslang/files
extra	glu	9.0.3-3	f591a9feede93b719123eac513138283e6ffcce9cae4eff27957984e7ac218d8	glu	https://archlinuxarm.org/packages/aarch64/glu/files
extra	glycin	2.1.5-2	67da8fb4a4ced509db88a95d9727149d8d3da6c97016ec2a4fdd5eec99eac9ee	glycin,glycin-gtk4	https://archlinuxarm.org/packages/aarch64/glycin/files
extra	gnome-autoar	0.4.5-1	4d0f02deb3b9cc3e5324d5191afad08fe956150760edcfe0a774d95b5e30ec5a	gnome-autoar	https://archlinuxarm.org/packages/aarch64/gnome-autoar/files
extra	gnome-bluetooth-3.0	47.2-1	e8092508175613c0b984dd4cb18a314538a416bc014e02b1dc5ed002068bfdbc	gnome-bluetooth-3.0	https://archlinuxarm.org/packages/aarch64/gnome-bluetooth-3.0/files
extra	gnome-color-manager	3.36.2-1	45a0aa48b0d4666ca35d0fe235fac08f4e31e50ec8f829d02d2608babb015982	gnome-color-manager	https://archlinuxarm.org/packages/aarch64/gnome-color-manager/files
extra	gnome-console	50.0-1	bc981a4ee01dac052a29c964606d8fd39fce7ddbb7942b60ab803dd9240a277f	gnome-console	https://archlinuxarm.org/packages/aarch64/gnome-console/files
extra	gnome-control-center	50.3-1	0669e39e5d3b308312261cf360b56d9f6d9d315cc40434a527b70a8a5c3defdf	gnome-control-center,gnome-keybindings	https://archlinuxarm.org/packages/aarch64/gnome-control-center/files
extra	gnome-desktop	1:44.5-1	155322e5d8d875fee708e407312bd87856afff2db851c4e88fea29eb6f2bbb91	gnome-desktop-4,gnome-desktop-common	https://archlinuxarm.org/packages/aarch64/gnome-desktop-4/files
extra	gnome-disk-utility	46.1-2	f61eab691495bcfe4a755411863d502f2aef4b0a98617384fdcb3a26067c8ead	gnome-disk-utility	https://archlinuxarm.org/packages/aarch64/gnome-disk-utility/files
extra	gnome-keyring	1:50.0-1	87dca3e4dd79b36a73bc788d3379b22c4a75204478f0eff302a1a7ab4f9f673d	gnome-keyring	https://archlinuxarm.org/packages/aarch64/gnome-keyring/files
extra	gnome-logs	50.0-1	184a422b28f01be7bc87babcbe22319f5a40597a21ce9b70b9854d915489fdf3	gnome-logs	https://archlinuxarm.org/packages/aarch64/gnome-logs/files
extra	gnome-online-accounts	3.58.1-1	fb8cf47b4a4c52bc335612f8c095e197740b4304431eaf307732f4876b2ae29c	gnome-online-accounts,libgoa	https://archlinuxarm.org/packages/aarch64/gnome-online-accounts/files
extra	gnome-session	50.1-1	9ac5b427b92e3cdf60c6d393a790ab31d22a5b1cd7f1745a84939cce3a95a25c	gnome-session	https://archlinuxarm.org/packages/aarch64/gnome-session/files
extra	gnome-settings-daemon	50.1-1	5c12d41d3cfd44b688105d3a8eabe401826c223d0ce58563b5847e1a8d5aa38d	gnome-settings-daemon	https://archlinuxarm.org/packages/aarch64/gnome-settings-daemon/files
extra	gnome-shell	1:50.3-1	6f85c3ba5e59f4d9e58c1ab26568ae9a8b1b6b64d7356fbf96ae530438846109	gnome-shell	https://archlinuxarm.org/packages/aarch64/gnome-shell/files
extra	gnome-sound-recorder	42.0-5	8e703c3672533c2ec5fe33f4b64d74261c55d9458e43980c64f0af484cad9585	gnome-sound-recorder	https://archlinuxarm.org/packages/aarch64/gnome-sound-recorder/files
extra	gnome-system-monitor	50.0-1	5fada08cbeac932df91078824be77cb3cf92e45eb53d2e1487c7f41fcff8ad15	gnome-system-monitor	https://archlinuxarm.org/packages/aarch64/gnome-system-monitor/files
extra	gnome-text-editor	50.1-1	defbc0514677e6c6be179295940156adb7228bb0660471723459fdf38def6358	gnome-text-editor	https://archlinuxarm.org/packages/aarch64/gnome-text-editor/files
extra	gobject-introspection	1.86.0-2	9eb7040d6e60a692edf614859dc4b9bbec599d7224ed958d7330cd3cf6633da9	gobject-introspection-runtime,libgirepository	https://archlinuxarm.org/packages/aarch64/gobject-introspection-runtime/files
extra	gparted	1.8.1-2	e5878ca693203a64019dadb04a1208bbe98ff6700890d2ef799c36aa5e714d34	gparted	https://archlinuxarm.org/packages/aarch64/gparted/files
extra	gperftools	2.18.1-1	e4ef8539ff2d7b2f1e84300ad1426e867406b1f2637fc06803551ba921214610	gperftools	https://archlinuxarm.org/packages/aarch64/gperftools/files
extra	gpgmepp	2.1.0-1	719817f5d97a01d0a514f52f28e6de4f35beeecf31094ec8a2382cafab0dc0f0	gpgmepp	https://archlinuxarm.org/packages/aarch64/gpgmepp/files
extra	gptfdisk	1.0.10-2	a4fdfc3caa483dd9e8ee81e97e00bc44ace27fe21f2888873b5094a6dd9c2f88	gptfdisk	https://archlinuxarm.org/packages/aarch64/gptfdisk/files
extra	graphene	1.10.8-2.1	dbefaa7a76646e7ba44eb4ef399127fb26dd905051f167e5c23824ebac64b943	graphene	https://archlinuxarm.org/packages/aarch64/graphene/files
extra	graphite	1:1.3.15-1	b41d648867e0882d25d534afb9335383e925ea76d4bf7eb09f67f795806aaf70	graphite	https://archlinuxarm.org/packages/aarch64/graphite/files
extra	gsettings-desktop-schemas	50.1-1	7b7977368667686414a340a5682d289971f24b852a3fdc68e5c69b1fb3cbdcb0	gsettings-desktop-schemas,gsettings-system-schemas	https://archlinuxarm.org/packages/aarch64/gsettings-desktop-schemas/files
extra	gsm	1.0.24-1	983c6db4be1b4216dd3c229453a94c76f516dffbed56cd2436ce156c8f1d407c	gsm	https://archlinuxarm.org/packages/aarch64/gsm/files
extra	gsound	1.0.3-4	e4b8fee92aa520d5e57977b7c4c6ee50cda08e148e468ff961601c73c92544e0	gsound	https://archlinuxarm.org/packages/aarch64/gsound/files
extra	gssdp	1.6.6-1	2f1af8a61fc1b0a7df4a214c50bb8899fdaa777879875f4cad8abf105f47a590	gssdp	https://archlinuxarm.org/packages/aarch64/gssdp/files
extra	gst-plugins-rs	0.15.3-1	f6fb4ac1e119a36b2b7173b68ac6dee387934c66dedd39fbdd903b818caed6c9	gst-plugin-gtk4	https://archlinuxarm.org/packages/aarch64/gst-plugin-gtk4/files
extra	gstreamer	1.28.5-2	67d9764bbaadbecf20c5a6b54c90e4f45a50ada7a0b0669a16a2da20abd9b515	gst-plugins-bad-libs,gst-plugins-base,gst-plugins-base-libs,gst-plugins-good,gstreamer	https://archlinuxarm.org/packages/aarch64/gst-plugins-bad-libs/files
extra	gtest	1.17.0-2	d63f3be4f58d50f24bd734ee7c2925518e9b457c1f7c8a3d5be7c9e77ee2296c	gtest	https://archlinuxarm.org/packages/aarch64/gtest/files
extra	gtk3	1:3.24.52-1	1d8363cb450f0fb780162f594bc58ffdc83c5ebd2f0491ced4f69f42475fc4b6	gtk3	https://archlinuxarm.org/packages/aarch64/gtk3/files
extra	gtk4	1:4.22.4-1	505ce5134e777388002d849880a75741f262bdff8f76abb32a091cff808e8357	gtk-update-icon-cache,gtk4	https://archlinuxarm.org/packages/aarch64/gtk-update-icon-cache/files
extra	gtkmm-4.0	4.22.0-2	c01340dabbfcf5e74326a0927a846bb0b1ad09145cf54ac4b06f2b352027b6cc	gtkmm-4.0	https://archlinuxarm.org/packages/aarch64/gtkmm-4.0/files
extra	gtkmm3	3.24.11-1	817b6e0c6c135912df6f063fc58422e1e3d414cb3ef6390d1367b8c1bbe0df58	gtkmm3	https://archlinuxarm.org/packages/aarch64/gtkmm3/files
extra	gtksourceview5	5.20.0-1	3fd8142bdc84cad8beb85012ffea748f4ee3108980fb080a785ace537eea0eac	gtksourceview5	https://archlinuxarm.org/packages/aarch64/gtksourceview5/files
extra	gupnp	1:1.6.10-1	1e4f04132cba1767d516e189624922680d2646ab2bdf063c4201f86b94a19535	gupnp	https://archlinuxarm.org/packages/aarch64/gupnp/files
extra	gupnp-dlna	0.12.0-5	61f2c4e0e2890507988be0230f5c0d9e97c01ec237da9d0ccb76ae03b9013f53	gupnp-dlna	https://archlinuxarm.org/packages/aarch64/gupnp-dlna/files
extra	gupnp-igd	1.6.0-2	41a28f5e726de0097098d4ddad1eac786fa65c3278cff0f68990390532e778ab	gupnp-igd	https://archlinuxarm.org/packages/aarch64/gupnp-igd/files
extra	gvfs	1.60.1-1	ab3f72011a5373e655f95fbd57e04d276213920b04eda1b7f89409191df0702d	gvfs,gvfs-gphoto2,gvfs-mtp,gvfs-smb	https://archlinuxarm.org/packages/aarch64/gvfs/files
extra	gweather-locations	2026.2-1	165d072689e79d895392f1204db5c24fcec2c14ae8eb3956d8ac80917c9c20d0	gweather-locations	https://archlinuxarm.org/packages/aarch64/gweather-locations/files
extra	harfbuzz	14.2.1-1	d6c6ea367661ff6e8d165201c7098eeac615f83c2a13ba3c9db59eb3e16b94ee	harfbuzz,harfbuzz-icu	https://archlinuxarm.org/packages/aarch64/harfbuzz/files
extra	hicolor-icon-theme	0.18-1	f55507a63ae64c9dfa364c85e61e451d6d33ac33e86584774175e0897791d602	hicolor-icon-theme	https://archlinuxarm.org/packages/aarch64/hicolor-icon-theme/files
extra	hidapi	0.15.0-1	5325fade8df852a95b72a9c2554d58a395303432b7e82f756eaba00c9919502c	hidapi	https://archlinuxarm.org/packages/aarch64/hidapi/files
extra	highway	1.4.0-1	a0fc136db3ac865858cc173abd0d9f902c0c609ed4ab8bb2c20d3c98601f1227	highway	https://archlinuxarm.org/packages/aarch64/highway/files
extra	hwloc	2.14.0-1	ac48c589fb4a04d3e4344c37dfd677790923d5de4670178a5a516025d34060ae	hwloc	https://archlinuxarm.org/packages/aarch64/hwloc/files
extra	hyphen	2.8.9-1	04c11fece6d51341520f13b2349d51c580432aff26b7fdc0ed9dd9c2e43c58c2	hyphen	https://archlinuxarm.org/packages/aarch64/hyphen/files
extra	ibus	1.5.34-1	bf089172df6d882fb6bb687f8a52034b4a0c607a7e5bedd870d04002f4f53ec0	ibus,libibus	https://archlinuxarm.org/packages/aarch64/ibus/files
extra	iio-sensor-proxy	3.9-1	d294691562d2d3a8c5809d53bf89bc3b86c71de4677130131a2475aad4ce5710	iio-sensor-proxy	https://archlinuxarm.org/packages/aarch64/iio-sensor-proxy/files
extra	imlib2	1.12.6-2	cb0225753c7aff261afb432b7e730035d1f486ec503f7c85ea4ab67fdaf01811	imlib2	https://archlinuxarm.org/packages/aarch64/imlib2/files
extra	iso-codes	4.20.1-1	6140b097faaba3daf289a70602f1b822a36a1905df8dc98eef92321ae7429016	iso-codes	https://archlinuxarm.org/packages/aarch64/iso-codes/files
extra	jack2	1.9.22-2	1cd97c8898fd54632e8b4f32d1dd5b69e8cef5025090f9d0d6afc169edd2fdf7	jack2	https://archlinuxarm.org/packages/aarch64/jack2/files
extra	jbigkit	2.1-8	5815be82e0cc87fb2d6a0f07662845481207ce2764bd870206aab9eaa3e1c7a2	jbigkit	https://archlinuxarm.org/packages/aarch64/jbigkit/files
extra	js140	140.13.0-1	c37f9bf873ab4055e58e4ca62af2cac63d64316a5932d588b6425f90268d2ed1	js140	https://archlinuxarm.org/packages/aarch64/js140/files
extra	json-glib	1.10.8-1	5f3917247603f131f66ba8305c98d078ac994921df47755974af341aaa3b31e7	json-glib	https://archlinuxarm.org/packages/aarch64/json-glib/files
extra	l-smash	2.14.5-4	d03b2664384519c6771428012ee4d9e98e9360482e0963198aab02e09c5902bc	l-smash	https://archlinuxarm.org/packages/aarch64/l-smash/files
extra	lame	4.0-1	43e9f177e5054ea9906d405d5e89e0a8ee191f9252741268f1ed1530868f80c5	lame	https://archlinuxarm.org/packages/aarch64/lame/files
extra	lcms2	2.19.1-1	b35c47419ea435e450a5594ff194b969a582afbea4adccd5fa0ad7c3ad06109e	lcms2	https://archlinuxarm.org/packages/aarch64/lcms2/files
extra	libadwaita	1:1.9.2-1	d29ecb3e1b6c3efb274f5bf34210f58224b59bb1db98f8200fdba438ffb66ef0	libadwaita	https://archlinuxarm.org/packages/aarch64/libadwaita/files
extra	libao	1.2.2-7	d46d9dff0dc9509fad2903a73e8c409abe315fd08230f269cfe0bec51428c934	libao	https://archlinuxarm.org/packages/aarch64/libao/files
extra	libass	0.17.5-1	129f3fdbff80fe9dad612a325293583d2e162bcf95042ac56a5570e0d53822d2	libass	https://archlinuxarm.org/packages/aarch64/libass/files
extra	libasyncns	1:0.8+r3+g68cd5af-3	27b53b03b96cfa903335078785bb9610783adb2e74de0c97378a1d4c753276d9	libasyncns	https://archlinuxarm.org/packages/aarch64/libasyncns/files
extra	libatasmart	0.19-8	36b2e3c5554223b2000a5cd74ddbd3e8c6681aab0f9ee71560965f39be6fd736	libatasmart	https://archlinuxarm.org/packages/aarch64/libatasmart/files
extra	libavc1394	0.5.4-7	26082c42d51266cd3a373837cf93787c2a63bb83185d499d3adc16e43695c806	libavc1394	https://archlinuxarm.org/packages/aarch64/libavc1394/files
extra	libavif	1.4.2-1	bef873a801678d02649a69c4c93fce7b38eea0e8cbc84aab226bf855187728d2	libavif	https://archlinuxarm.org/packages/aarch64/libavif/files
extra	libb2	0.98.1-3	4cbc6f2c7e128b73614aa0609aa34143ea25dcf1936ec2dba70ac009e9e624f6	libb2	https://archlinuxarm.org/packages/aarch64/libb2/files
extra	libblockdev	3.5.0-2	e00dcca2f014e92916233165ed8030b5ef50dafea6dea20c41250e9cae18750f	libblockdev,libblockdev-crypto,libblockdev-fs,libblockdev-loop,libblockdev-mdraid,libblockdev-nvme,libblockdev-part,libblockdev-smart,libblockdev-swap	https://archlinuxarm.org/packages/aarch64/libblockdev/files
extra	libbluray	1.4.1-1	1820fb3cc2c94a8e66cc08f201e4e1f1136506bbadf14f1b9695a74b0e54f5a4	libbluray	https://archlinuxarm.org/packages/aarch64/libbluray/files
extra	libbs2b	3.1.0-10	f773807580ce3747c515bca2377133b1feee095228fbc195edf93e5798bfd9fe	libbs2b	https://archlinuxarm.org/packages/aarch64/libbs2b/files
extra	libbsd	0.12.2-2	8b22a8893b103c3662769be5434c940db1cf710a26ea52603acd425aa28b7bc3	libbsd	https://archlinuxarm.org/packages/aarch64/libbsd/files
extra	libburn	1.5.8-1	d2ea5bc008f1a4f292090bddc1567930270ec32ac731003ae16b5f965a754a4a	libburn	https://archlinuxarm.org/packages/aarch64/libburn/files
extra	libbytesize	2.12-3	f1f4a2db5ac86cc0e628e686135b1c31b3e2e70036427bb448a9bb10d4d6ea6e	libbytesize	https://archlinuxarm.org/packages/aarch64/libbytesize/files
extra	libcaca	0.99.beta20-7	ec5778676bd192679f626f635134664cb3314280c00f85b6221cb7a59445f7e3	libcaca	https://archlinuxarm.org/packages/aarch64/libcaca/files
extra	libcamera	0.7.2-3	9163579f8810ded4fa4bbe0b60af1511b4d867c04080df9748c6b6c8ddba336e	gst-plugin-libcamera,libcamera,libcamera-ipa,libcamera-tools	https://archlinuxarm.org/packages/aarch64/gst-plugin-libcamera/files
extra	libcanberra	1:0.30+r2+gc0620e4-6	93f0e7cb2e971c6a2bebda67779ce2039ee5d1c6c2a1827d166440aa14c831a0	libcanberra	https://archlinuxarm.org/packages/aarch64/libcanberra/files
extra	libcdio	2.3.0-1	0f308ad5df7e56d4729ce248698d5f651b5ea8f4ae9de96c818812e0f16d8f2c	libcdio	https://archlinuxarm.org/packages/aarch64/libcdio/files
extra	libcdio-paranoia	10.2+2.0.2-2	8cceda3c0091cfe46d26a9a360456bb3a6c83799078092a3da69374cd788a1d8	libcdio-paranoia	https://archlinuxarm.org/packages/aarch64/libcdio-paranoia/files
extra	libcloudproviders	0.4.0-1	07cda95c42b9a7c27397a7604bee19d19ea6181a6a44f1512ab12847e456eedc	libcloudproviders	https://archlinuxarm.org/packages/aarch64/libcloudproviders/files
extra	libcue	2.3.0-1	ff7cf0e1a2aa7c00485f0dc6dbe0465626e01f57729e6f16f568dbb5659616a5	libcue	https://archlinuxarm.org/packages/aarch64/libcue/files
extra	libdaemon	0.14-6	59dc50bd659bf77074631ab305bff1566dac43cc12de067da17a9974b9c12fb9	libdaemon	https://archlinuxarm.org/packages/aarch64/libdaemon/files
extra	libdatrie	0.2.14-1	2b690aac994815594ee8d7d7c1e63d94572ea4143171ddf4e8a75dc900ab5330	libdatrie	https://archlinuxarm.org/packages/aarch64/libdatrie/files
extra	libdbusmenu	18.10.20180917-1	fc47163304c1331a480d5c8ec775c189731b33f3531bf1f444f83d8132cb0895	libdbusmenu-glib,libdbusmenu-gtk3	https://archlinuxarm.org/packages/aarch64/libdbusmenu-glib/files
extra	libde265	1.1.1-1	a55978779bcafe0e65057b9c2de3f75a6b67fb56e2afca56bf2a1f189b43dd68	libde265	https://archlinuxarm.org/packages/aarch64/libde265/files
extra	libdecor	0.2.5-1	b8d04596a9086cbe8e5d30b10a656d1885fc50504b5747672868c6e99ab076f7	libdecor	https://archlinuxarm.org/packages/aarch64/libdecor/files
extra	libdeflate	1.25-1	1990ad57fa915b77ba2dc645b02e011eb8a5e01ce9f82e4530bce861ec5b3efb	libdeflate	https://archlinuxarm.org/packages/aarch64/libdeflate/files
extra	libdisplay-info	0.3.0-1	fedf92693b58f3789f6a5da49223dd568800232ad64cfb29f97db0a8c360bf6d	libdisplay-info	https://archlinuxarm.org/packages/aarch64/libdisplay-info/files
extra	libdovi	3.4.0-1	5803e81479776225b8d39c14afcf450c230b89536d49c04326e4c08fff98eb1a	libdovi	https://archlinuxarm.org/packages/aarch64/libdovi/files
extra	libdrm	2.4.134-1	3b0d182c38d97640cc233785a246600f68b3a46dfb1b667c442e03bdb7ec0b7f	libdrm	https://archlinuxarm.org/packages/aarch64/libdrm/files
extra	libdv	1.0.0-12	ce22e57f57f86b43b8cda3d37a2d5ae872e8ba0e1ac9bb91b729e555670f347a	libdv	https://archlinuxarm.org/packages/aarch64/libdv/files
extra	libdvdnav	7.0.0-1	ebdb2c594290299e78c91d2061ba3326c8a58f5e65167334ad595eaf3610eca2	libdvdnav	https://archlinuxarm.org/packages/aarch64/libdvdnav/files
extra	libdvdread	7.1.1-1	9be5e2bd2d3ac909d7d4a2a75a4bdd77196ba4b403610df3191dc86fa43bd08b	libdvdread	https://archlinuxarm.org/packages/aarch64/libdvdread/files
extra	libebur128	1.2.6-2	9870d1bf45a71a1819a20c25cf97123638c45ef469997b54982331bb35b84dd2	libebur128	https://archlinuxarm.org/packages/aarch64/libebur128/files
extra	libei	1.6.0-1	a48ecd70fb1a345085792b59caf0f9b954475cbf0279a7666a3cb317951f07cf	libei	https://archlinuxarm.org/packages/aarch64/libei/files
extra	libepoxy	1.5.10-3	5b83a416f4a3eddaa82e8bc6ef0bb60205401f9b0bce017cbc80aadaf5014e57	libepoxy	https://archlinuxarm.org/packages/aarch64/libepoxy/files
extra	libevdev	1.13.6-1	3c3ec71af84fb439f6108b4ae92c806b9aa9037b4ec85c3e20ba3f6a528789e8	libevdev	https://archlinuxarm.org/packages/aarch64/libevdev/files
extra	libexif	0.6.26-1	0bfc46cf5cd92fb71c2c6054997570dbb196e735ce4f600ec6c60cb92c7ef8c6	libexif	https://archlinuxarm.org/packages/aarch64/libexif/files
extra	libfdk-aac	2.0.3-2	37653b45ccca96b84435c9f1c0f141ac8ecb10deb7b61e9349887fb49404071a	libfdk-aac	https://archlinuxarm.org/packages/aarch64/libfdk-aac/files
extra	libfontenc	1.1.9-1	38b5f5a4f2b11c85899765d307779c75edc99f693390705fc1b61bf733ec04a3	libfontenc	https://archlinuxarm.org/packages/aarch64/libfontenc/files
extra	libfreeaptx	0.2.2-1	6248db7b096557a5e1a8718a53b552b9d0782b9a4cd72e47193d6340b046bf83	libfreeaptx	https://archlinuxarm.org/packages/aarch64/libfreeaptx/files
extra	libfyaml	0.9.6-2	62cda0699d7d712e82b0d56e45b198e315aafb5f73bb7959e9c08b7e3f543bc6	libfyaml	https://archlinuxarm.org/packages/aarch64/libfyaml/files
extra	libglvnd	1.7.0-3	79d5815deebe19d960b44d0e977a58a345adfb1a0147a091a18a15ecc18c29b0	libglvnd	https://archlinuxarm.org/packages/aarch64/libglvnd/files
extra	libgphoto2	2.5.34-1	66489b7d84e5b53f686eff6059412e1f98dc1b29b814b7dea0ecb2dc4fdebeac	libgphoto2	https://archlinuxarm.org/packages/aarch64/libgphoto2/files
extra	libgsf	1.14.58-1	7b6f47ffcc34fd461ef31da3e788018cbaed909f63a96835479ff13c1d2867be	libgsf	https://archlinuxarm.org/packages/aarch64/libgsf/files
extra	libgtop	2.41.3-2	7645eb0d317e83316f5b2963aa8b7ae537db961a1d5412a726906e6934c40269	libgtop	https://archlinuxarm.org/packages/aarch64/libgtop/files
extra	libgudev	238-3	ca49ae905d942002bfd59f008c001ca824de7772b491af17e9cc78e6007d9887	libgudev	https://archlinuxarm.org/packages/aarch64/libgudev/files
extra	libgusb	0.4.9-2	10548c190b7d0d99f6c0c581aec8631ab8a736c906f138a715e702249bbc7061	libgusb	https://archlinuxarm.org/packages/aarch64/libgusb/files
extra	libgweather-4	4.6.0-1	bd4b266b369817798e9e9af726f3553548b601373f747fcddbc8484c671aa12d	libgweather-4	https://archlinuxarm.org/packages/aarch64/libgweather-4/files
extra	libgxps	0.3.2-5	229a5515aa64b3026ffc3095197de25534f078113c2c39722413ba84081e47c5	libgxps	https://archlinuxarm.org/packages/aarch64/libgxps/files
extra	libhandy	1.8.3-2	eb93766a5b3963358b6fdf6f77b4033da761472350a749b4dd4c1f92c70e58a3	libhandy	https://archlinuxarm.org/packages/aarch64/libhandy/files
extra	libheif	1.23.1-1	b08a457a81b00d1c9da1a74609f6d234620bad7c3a804de9d0d762b68d7a9f80	libheif	https://archlinuxarm.org/packages/aarch64/libheif/files
extra	libical	4.0.3-3	5c99a2daa67267c843869b5083fc7ceaf339072a6f43153274720e8d5abf86a7	libical	https://archlinuxarm.org/packages/aarch64/libical/files
extra	libice	1.1.2-1	74227af9debeddc78ad9cde22e4d1cc668a8dd2564d6651229c23958d828c364	libice	https://archlinuxarm.org/packages/aarch64/libice/files
extra	libiec61883	1.2.0-9	719b890d94170c72ffbfaa592155359ebde88684cf5e844ed01ce5b19a355e76	libiec61883	https://archlinuxarm.org/packages/aarch64/libiec61883/files
extra	libimobiledevice	1.4.0-2	f07f9c50772151c6ff6c86751efa012b07982f009e6e63b1fd41d8051732459b	libimobiledevice	https://archlinuxarm.org/packages/aarch64/libimobiledevice/files
extra	libimobiledevice-glue	1.3.2-1	d7ba77b1a994374807a8bb91d809e59ba8a5d6d6196ae9f6edf486334df041c0	libimobiledevice-glue	https://archlinuxarm.org/packages/aarch64/libimobiledevice-glue/files
extra	libinput	1.31.3-1	8b57af363316d8dfa29b986fe58b347dd5e8472a99bff693b869780a48a2971d	libinput	https://archlinuxarm.org/packages/aarch64/libinput/files
extra	libiptcdata	1.0.5-5	6f7b0c75a02770955cbe5558d78c8a8b85112dee8c3bb2e1cd3f7534d7055d1b	libiptcdata	https://archlinuxarm.org/packages/aarch64/libiptcdata/files
extra	libisoburn	1.5.8.2-1	6be5bcf69c402df9a2307e081c737d0d3c5bdfc8dbee1950e6ff7869b259a5b6	libisoburn	https://archlinuxarm.org/packages/aarch64/libisoburn/files
extra	libisofs	1.5.8.2-1	b7303d4e2c9198017723a32c7ed8e074fd3c1e38127d1eed2a935eb866bb45d0	libisofs	https://archlinuxarm.org/packages/aarch64/libisofs/files
extra	libjpeg-turbo	3.2.0-2	b220db17e6a3ab046c19303a6222aa01109cc04d02a671ae35908c54369526af	libjpeg-turbo	https://archlinuxarm.org/packages/aarch64/libjpeg-turbo/files
extra	libjxl	0.12.0-1	edb8df793fb99af1ae0a1335a1979dd47d2abea7dd4e2759451d9adb7db0bf46	libjxl	https://archlinuxarm.org/packages/aarch64/libjxl/files
extra	liblc3	1.1.3-2	209201e12b0d1b0a39193ba3970784e112790252465c325d0498f7e0a6d0b7c1	liblc3	https://archlinuxarm.org/packages/aarch64/liblc3/files
extra	libldac	2.0.2.6-1	b58593237e11c5ebaae2fde900802c2dd3e4a57da96bd423d8b681085e28a3fa	libldac	https://archlinuxarm.org/packages/aarch64/libldac/files
extra	liblouis	3.38.0-1	01bc8ba749056cfeaad58c82974095b6257c174f4918b3cd995f2e318f068548	liblouis	https://archlinuxarm.org/packages/aarch64/liblouis/files
extra	libmanette	0.2.13-2	69644c3d1499680fcd0aac680ffae4ebe74c773a6fafcc44c1ae7fd93f728c67	libmanette	https://archlinuxarm.org/packages/aarch64/libmanette/files
extra	libmbim	1.34.0-1	24eb668c9846a73ffbf4fcd6076194fd9b2c727df9d2677b362c4e5cf3d5794f	libmbim	https://archlinuxarm.org/packages/aarch64/libmbim/files
extra	libmd	1.2.0-1	8974fb1aff912e6760e99700610cfc6bae9d430b4522be74d58b2f7f01229a85	libmd	https://archlinuxarm.org/packages/aarch64/libmd/files
extra	libmodplug	0.8.9.0-7	1e9e5722d15758cc4ef483053f32738b45eec9bb683e291320a0df2b09be6ec7	libmodplug	https://archlinuxarm.org/packages/aarch64/libmodplug/files
extra	libmtp	1.1.23-1	6bea2bfe1fb2d445a1b515cfb9af05ff2a30c435a071eb817113bb6a6e6b13eb	libmtp	https://archlinuxarm.org/packages/aarch64/libmtp/files
extra	libmysofa	1.3.4-1	2077a013cf794d39455f4bd26641a97b6383c9c29dff4ea427535960b3ccceff	libmysofa	https://archlinuxarm.org/packages/aarch64/libmysofa/files
extra	libndp	1.9-1	a669550bef933e056850432c8c1859a39997e9ababbf6d43960a0130ffc7bb6e	libndp	https://archlinuxarm.org/packages/aarch64/libndp/files
extra	libnewt	0.52.25-2	07eefdb025fe8d5de8efed9f2cb7a1777c9f3fcf1a6710120fcd6e0c718b7492	libnewt	https://archlinuxarm.org/packages/aarch64/libnewt/files
extra	libnice	0.1.23-1	8ad7e3db0f119c9a12601096f1ca09e34251151ec54f62a015af89b5350e9dae	libnice	https://archlinuxarm.org/packages/aarch64/libnice/files
extra	libnma	1.10.6-3	56ca3371682a91b096eb061174aebb09e1930a8dc7da065ac4a8fc307c12c25e	libnma-common,libnma-gtk4	https://archlinuxarm.org/packages/aarch64/libnma-common/files
extra	libnotify	0.8.8-1	39b1b57c4c93b6a081b7a5964da0619b6f48605956a0b9b41f2c99712db51827	libnotify	https://archlinuxarm.org/packages/aarch64/libnotify/files
extra	libnvme	1.16.2-1	b5588875dd76ccdf49e611c1037c39eb3ca9e6fd3652dfc9d5b79a2f4bf176fd	libnvme	https://archlinuxarm.org/packages/aarch64/libnvme/files
extra	libogg	1.3.6-1	78d263c52d1321f80ce581b86bb26e14e241919cb1b2240cd597ae6edb36aa18	libogg	https://archlinuxarm.org/packages/aarch64/libogg/files
extra	libopenmpt	0.8.7-1	c651077f3d96247bc82314ecc4e70168c0a9fdd9cab925553d2cbe0eb32b3d75	libopenmpt	https://archlinuxarm.org/packages/aarch64/libopenmpt/files
extra	libosinfo	1.12.0-3	0504bffc624782f7425a4bc6780c1d5545d13c634866bd0a15a7be5ef57620da	libosinfo	https://archlinuxarm.org/packages/aarch64/libosinfo/files
extra	libpciaccess	0.19-1	7e122a98724da38958c0f27d0675afc4bd66754a21fb6fc45268918b7d0cba3d	libpciaccess	https://archlinuxarm.org/packages/aarch64/libpciaccess/files
extra	libpgm	5.3.128-4	5ba24bb75443c8b84586eb479a1ab69442e4560de7e2902c320a08851cee461b	libpgm	https://archlinuxarm.org/packages/aarch64/libpgm/files
extra	libplacebo	7.360.1-3	5f000c8046294407057485a63e4fcbd050a6ec69a902954efa1538a292dfa60e	libplacebo	https://archlinuxarm.org/packages/aarch64/libplacebo/files
extra	libplist	2.7.0-3	edff9fb3f97cd4ad19d5c17a3a6f6d930861dc1aaa0fadb46f3c2a9290671d1b	libplist	https://archlinuxarm.org/packages/aarch64/libplist/files
extra	libpng	1.6.58-2	bf3b64f8e1f826377af715338b4913ec9740b4e0a12b69d10fc7cf9966a19685	libpng	https://archlinuxarm.org/packages/aarch64/libpng/files
extra	libportal	0.10.0-1	c6aca507eebd3450768ca4e40198f5479d00b536ef027bfa9b822019711e0aaf	libportal,libportal-gtk4	https://archlinuxarm.org/packages/aarch64/libportal/files
extra	libproxy	0.5.12-1	8206f9125eaf46a95417f5122999e22f0d666a002af43d6c51f06858215128d1	libproxy	https://archlinuxarm.org/packages/aarch64/libproxy/files
extra	libpwquality	1.4.5-7	a86289480986a5f290ed7be95e1e39d2e2c86a37a2b03982a6d072e76760714a	libpwquality	https://archlinuxarm.org/packages/aarch64/libpwquality/files
extra	libqmi	1.38.0-1	e69ea44baab97f19eb62d9e792e1afdc92f6e833d33486359c96856c2c2fd3e3	libqmi	https://archlinuxarm.org/packages/aarch64/libqmi/files
extra	libqrtr-glib	1.4.0-1	1f6673e2e34b44f1377a7208ae9bac9505e761921c90b78bc89c9cdebbc5ac85	libqrtr-glib	https://archlinuxarm.org/packages/aarch64/libqrtr-glib/files
extra	libraw1394	2.1.2-4	31cad7d0f58fba5c3817065a97847259752c4e07ddc8c05f7a550ac158526b1e	libraw1394	https://archlinuxarm.org/packages/aarch64/libraw1394/files
extra	librest	0.10.2-1	7ac08ecf4c120f70f5e5f185c6b55915a746da59a912574b4971f857ad8d765c	librest	https://archlinuxarm.org/packages/aarch64/librest/files
extra	librsvg	2:2.62.3-1	3d234e46836a25136befa501e8c0cdb0c0ccceb50f9480a2d106676ca2a412b1	librsvg	https://archlinuxarm.org/packages/aarch64/librsvg/files
extra	libsamplerate	0.2.2-3	0cd95377b4c464eafb07effcb2873b7c55ade3fc419386ce398fc86214636a5c	libsamplerate	https://archlinuxarm.org/packages/aarch64/libsamplerate/files
extra	libshout	1:2.4.6-5	4a17bbccfdfe8bc3054354da8dc613518f3ff3db3d87773445f71519d78d3920	libshout	https://archlinuxarm.org/packages/aarch64/libshout/files
extra	libsigc++	2.12.2-1	dd4aa7091d865f442f4bc98b7358c731d866e1b1cd37ee8c200a7bd25cfb2fb5	libsigc++	https://archlinuxarm.org/packages/aarch64/libsigc++/files
extra	libsigc++-3.0	3.8.1-1	91d7418f1ff6aa0fe18b12a3abe67fba509fba561d3859d4a92d6d2a19f60e2e	libsigc++-3.0	https://archlinuxarm.org/packages/aarch64/libsigc++-3.0/files
extra	libsm	1.2.6-1	a890bf29280e6e177083dd74cc593524162151de23330e6a5a828e8ff80ed520	libsm	https://archlinuxarm.org/packages/aarch64/libsm/files
extra	libsndfile	1.2.2-4	d5e641a654b98e7526db82489fa50e723e7963a12bad98e30baf314ba7dd64ad	libsndfile	https://archlinuxarm.org/packages/aarch64/libsndfile/files
extra	libsodium	1.0.22-1	74bc9a21f7a5faffab0d7d68b677ef47a6f2c7af1e5b5df84ab7f02673f501c9	libsodium	https://archlinuxarm.org/packages/aarch64/libsodium/files
extra	libsonic	0.2.0-2	9d3186885e4f5ec391bd85bf3c6fc20b0ebcbda7aa6d73d5504c50621278e400	libsonic	https://archlinuxarm.org/packages/aarch64/libsonic/files
extra	libsoup3	3.6.6-2	93a94e098226fe771ce2750cd390428b17d557bf6c83ec819197fd6e40358070	libsoup3	https://archlinuxarm.org/packages/aarch64/libsoup3/files
extra	libsoxr	0.1.3-5	c2b493d1f8e06a292216e3ff0fd0c66771acb28b072e6e18dbbec52a83c6ca78	libsoxr	https://archlinuxarm.org/packages/aarch64/libsoxr/files
extra	libspelling	0.4.10-1	a77c32119547a531b030fa81681ac71da87c2782e2545259450cb301e5690c71	libspelling	https://archlinuxarm.org/packages/aarch64/libspelling/files
extra	libssc	0.4.4-1	94c81d5896e92dac89c7468ee752fa4d112a96e7d87cc8983fa63befb6761a1d	libssc	https://archlinuxarm.org/packages/aarch64/libssc/files
extra	libssh	0.12.1-1	a17fcff7549b878071d9969859ba3124ef5daaace2c5990fcb2d617255d64755	libssh	https://archlinuxarm.org/packages/aarch64/libssh/files
extra	libtatsu	1.0.5-1	4e8e1d06d7e370b399df3441d3b592d2743f30a99eefd0c6f88527d52c7b991b	libtatsu	https://archlinuxarm.org/packages/aarch64/libtatsu/files
extra	libteam	1.32-3	c8ade2723cd47c27550f77a3024611fdd89bf33b7bfab5eca1c700efc763ce45	libteam	https://archlinuxarm.org/packages/aarch64/libteam/files
extra	libthai	0.1.30-1	2370aebf95ed9434eea23915727b4eba6c35ec147c6135807843e0adcbaa0040	libthai	https://archlinuxarm.org/packages/aarch64/libthai/files
extra	libtheora	1.2.0-1	e96d8ae627921dac9d7c2d25c61ecc8160cbda8f94c0e41bb74c139ed180d2ec	libtheora	https://archlinuxarm.org/packages/aarch64/libtheora/files
extra	libtiff	4.7.2-1	d555f6d60f67ce3810ec0b06fd1e281dadf6c8deebd6caea57b323cca31e82f5	libtiff	https://archlinuxarm.org/packages/aarch64/libtiff/files
extra	libunibreak	7.0-1	21734ec5fcb46a95a08bdffc1b1569cd0542c2b25518e750bcb4ed8297f37eed	libunibreak	https://archlinuxarm.org/packages/aarch64/libunibreak/files
extra	libunwind	1.8.2-1	d4f987a884903851bbb6624a19f11062c94e697764f15f34128e6e3197260fb4	libunwind	https://archlinuxarm.org/packages/aarch64/libunwind/files
extra	liburing	2.15-1	9dc354c6d506935ccaa0e02f0f01e148cfc1394d3b568ff6a8b1c0d83ef3cfee	liburing	https://archlinuxarm.org/packages/aarch64/liburing/files
extra	libusbmuxd	2.1.1-2	1df1d746def36b76bcc17f0223dfa4b9d64f40a2300ce2c0dc7ac9f792ab4b4d	libusbmuxd	https://archlinuxarm.org/packages/aarch64/libusbmuxd/files
extra	libva	2.24.1-1	3a3d36cc9c3b7aa4cc99a8793c5cee52b42b975f1bb8130c062dcacb8e137f08	libva	https://archlinuxarm.org/packages/aarch64/libva/files
extra	libvdpau	1.5-4	7e273a597d2125bc573dbf8bdf6b3d5734cb216ac40de27de02740512c5fb34f	libvdpau	https://archlinuxarm.org/packages/aarch64/libvdpau/files
extra	libvorbis	1.3.7-4	022e60987b49d5331fe66d7daa8460eb5ba6acb53a56f26af296c364b4eeb3a1	libvorbis	https://archlinuxarm.org/packages/aarch64/libvorbis/files
extra	libvpx	1.16.0-3	756cda210ffd0a6e7742d26b65b0ca3e73e2e0cb33c302139e6c455e60dc1869	libvpx	https://archlinuxarm.org/packages/aarch64/libvpx/files
extra	libwacom	2.19.1-1	605877e990a25776f688487541c14f9241663c9d6b4c500cc429ff5353c3e24c	libwacom	https://archlinuxarm.org/packages/aarch64/libwacom/files
extra	libwebp	1.6.0-2	a654184aa78d4ad20ab0d4a87174f39f225fa550dc21555bb95747a3f6e83686	libwebp	https://archlinuxarm.org/packages/aarch64/libwebp/files
extra	libwnck3	43.3-1	725c3d275d8d472f1ca140a58bf9284b4335cb3d176f8ff157dad8e9fc72d009	libwnck3	https://archlinuxarm.org/packages/aarch64/libwnck3/files
extra	libx11	1.8.13-1	9618225f5a4ca659eac4273b9e988e2f53aa2165818a3ead360eb1c7c60c4f0a	libx11	https://archlinuxarm.org/packages/aarch64/libx11/files
extra	libxau	1.0.12-1	c6c8ab7cd90d7a67910dde5fc75e8ee7cb71c11c4f74ac57fd223622622eb886	libxau	https://archlinuxarm.org/packages/aarch64/libxau/files
extra	libxaw	1.0.16-2	7bad92fa118802aad30c8239011fee59748b47eec96b63a6279c1be19838356b	libxaw	https://archlinuxarm.org/packages/aarch64/libxaw/files
extra	libxcb	1.17.0-1	5d49c3baf1f53466ad5276cb9d644021e208fa5f9cc23be44a8d5bfde0d40ecf	libxcb	https://archlinuxarm.org/packages/aarch64/libxcb/files
extra	libxcomposite	0.4.7-1	ce3542d0291bf638f313babe3eab0712a90b0e3849f01a974ca0908be0174aa3	libxcomposite	https://archlinuxarm.org/packages/aarch64/libxcomposite/files
extra	libxcursor	1.2.3-1	1599565feab6ed237bab63b2d420aea54bc2303c6e2a57b25d3bcd9f03bf048e	libxcursor	https://archlinuxarm.org/packages/aarch64/libxcursor/files
extra	libxcvt	0.1.3-1	4fe4347213b3d8a03d09d25269fbaaf9aa3791005db774cbc8d9defffa0cda42	libxcvt	https://archlinuxarm.org/packages/aarch64/libxcvt/files
extra	libxdamage	1.1.7-1	f740d10c998832c0c8704fa2eea9f28042f73b0d3d85d3324eb4de56c3984ae1	libxdamage	https://archlinuxarm.org/packages/aarch64/libxdamage/files
extra	libxdmcp	1.1.5-2	18c6f13a027b747715abc220f2fc7c6a1489f54258206bea49c9fb0d36b01a5b	libxdmcp	https://archlinuxarm.org/packages/aarch64/libxdmcp/files
extra	libxext	1.3.7-1	f3f6d0e26fee64a257813e0b85fa105849f40d4cfa67cca2b022ce9bc172851f	libxext	https://archlinuxarm.org/packages/aarch64/libxext/files
extra	libxfixes	6.0.2-1	57667bb0bcc165b66422365fb0c01bd47ee7aeaf4420389750a1c8576bc68ca0	libxfixes	https://archlinuxarm.org/packages/aarch64/libxfixes/files
extra	libxfont2	2.0.8-1	35679958b66f8937a88dbdd1876c76b139d0b1b8b6fac787c8d8d67cd9df4ec5	libxfont2	https://archlinuxarm.org/packages/aarch64/libxfont2/files
extra	libxft	2.3.9-1	a48bfc06df97b6fb43291593ab0f015969b3cb02c4491c31a7721e650c714470	libxft	https://archlinuxarm.org/packages/aarch64/libxft/files
extra	libxi	1.8.3-1	92d7f1cea4083cea5601276e8cac908dc216af1546b57d6636aaec9d9d204ea8	libxi	https://archlinuxarm.org/packages/aarch64/libxi/files
extra	libxinerama	1.1.6-1	89dbbe29c4ff0a147db5c371ed6a2921f7ec50875830a83058202a454d8778c2	libxinerama	https://archlinuxarm.org/packages/aarch64/libxinerama/files
extra	libxkbcommon	1.13.2-1	499b0adbce1b7a1d182f54c7a2208111148aab68196bed5daedc63990d0d9d43	libxkbcommon,libxkbcommon-x11	https://archlinuxarm.org/packages/aarch64/libxkbcommon/files
extra	libxkbfile	1.2.0-1	9ede7157601ebcf01ad5303b5c97a70271b5786ad4ed3b899afe81e9c59c79dd	libxkbfile	https://archlinuxarm.org/packages/aarch64/libxkbfile/files
extra	libxmlb	0.3.28-1	3f3cb365f9f3f91a899dbce89e4b62e92dc7967c59a21179babb838e0a2984d2	libxmlb	https://archlinuxarm.org/packages/aarch64/libxmlb/files
extra	libxmu	1.3.1-1	442a00f989ae07e208e93304f8c074a41e03c4a73849f1831822869ece36ddb3	libxmu	https://archlinuxarm.org/packages/aarch64/libxmu/files
extra	libxpm	3.5.19-1	5307c95d12bf2c62ff9a7c9d7d662a9eb6d06a1d5017626772351a63feb2ac1f	libxpm	https://archlinuxarm.org/packages/aarch64/libxpm/files
extra	libxrandr	1.5.5-1	32157a50c1f294dbe1de04f69902c30358b05931f830f098d01614ac6187a0b4	libxrandr	https://archlinuxarm.org/packages/aarch64/libxrandr/files
extra	libxrender	0.9.12-1	9c68531e977548a90abffa029f62c995b497a92b3223c73756e11f2f56b42b4d	libxrender	https://archlinuxarm.org/packages/aarch64/libxrender/files
extra	libxres	1.2.3-1	1caf42ba3299fcd9373a189d59f8cfd5615e9d019424dcb01af8cdf191ce223a	libxres	https://archlinuxarm.org/packages/aarch64/libxres/files
extra	libxshmfence	1.3.3-1	03bbcfe8a095e9fd4fb7727f975a550ed6afbf6adb13351d5140b1b095e58424	libxshmfence	https://archlinuxarm.org/packages/aarch64/libxshmfence/files
extra	libxslt	1.1.45-2	a9026f3e4d4be6bfa0e9bdf2479c9cb2d2b48f4fb9d406b6cb6fd4e797149528	libxslt	https://archlinuxarm.org/packages/aarch64/libxslt/files
extra	libxss	1.2.5-1	f710c52f0431a5b8b3f93341b50553d80ab3513563591e6a6ca13c5d08d4f14e	libxss	https://archlinuxarm.org/packages/aarch64/libxss/files
extra	libxt	1.3.1-1	902acec0edff07e02c297484c1d919416d07dd798b5964741ec7ebca32074c52	libxt	https://archlinuxarm.org/packages/aarch64/libxt/files
extra	libxtst	1.2.5-1	c0d266d619eb16baa4a958f8397961dceeb491db91f89c3f413573e76965f2a1	libxtst	https://archlinuxarm.org/packages/aarch64/libxtst/files
extra	libxv	1.0.13-1	da82abf603f27a514ef9f7ebfbdb25c4ad68eeab523456c94f2c62083cf4272b	libxv	https://archlinuxarm.org/packages/aarch64/libxv/files
extra	libxxf86vm	1.1.7-1	d7c0cae9a8384e8c3968a74ff05983ea3a28cdbb00c0bcd33e8c08e890c19de9	libxxf86vm	https://archlinuxarm.org/packages/aarch64/libxxf86vm/files
extra	libyaml	0.2.5-3	3253d505635afd56001bb0a2aafefa6dcc3ca3d630850fd6413b6c5d2b7a1d76	libyaml	https://archlinuxarm.org/packages/aarch64/libyaml/files
extra	libyuv	r2426+464c51a03-1	fd259af0ef6b49e698505e15931cd83db19bacf5c82f878839b46669bfe0c9b3	libyuv	https://archlinuxarm.org/packages/aarch64/libyuv/files
extra	libzip	1.11.4-1	2c8b903907647d0e71a85ee41906dea865804a327836cdb4bece2c64cc0311a6	libzip	https://archlinuxarm.org/packages/aarch64/libzip/files
extra	lilv	0.28.0-1	2b25ab3d5c67f828f39f30a3000d1dea0f2405f1055da7835b15dba8fb7c5351	lilv	https://archlinuxarm.org/packages/aarch64/lilv/files
extra	llvm	22.1.8-2	652bf0949c1d36c19dd31b7fc9820053bf60e921f77ca71845704bdfc3227cc4	llvm-libs	https://archlinuxarm.org/packages/aarch64/llvm-libs/files
extra	lm_sensors	1:3.6.2-1	687a4536976687a4fb409f70a7f96c0851252161dc26a57cd26227ea7ba0330d	lm_sensors	https://archlinuxarm.org/packages/aarch64/lm_sensors/files
extra	lmdb	0.9.35-1	a2d84ff8ba330c7f2d77987d09f2c26f98593a354fc046755b81c1e12750f120	lmdb	https://archlinuxarm.org/packages/aarch64/lmdb/files
extra	localsearch	3.11.1-1	66c0edab868b5c7b57825fc4343612abd477acbf1a70d0a6c8eb8820a1b92c36	localsearch	https://archlinuxarm.org/packages/aarch64/localsearch/files
extra	loupe	50.0-1	7a732f7b10bc4daf391f1e84a74704bd96c04f8938406c48e0adc8a9000df180	loupe	https://archlinuxarm.org/packages/aarch64/loupe/files
extra	lua	5.5.0-2	57b76112fc0ca97e716727e881be4523cd484c4b83d8e50bf861f39e8cb4a132	lua	https://archlinuxarm.org/packages/aarch64/lua/files
extra	lua54	5.4.8-6	2b4f349258d69ac83796fa42b9fefd6c3f2ae402d37195f033ae8509846a2f50	lua54	https://archlinuxarm.org/packages/aarch64/lua54/files
extra	lv2	1.18.10-2	65d9e58bda402369dc62fc57235baaba6a805e175a2785ed446ae3539251d29d	lv2	https://archlinuxarm.org/packages/aarch64/lv2/files
extra	mailcap	2.1.54-2	aba48ca911960c5240164c0cb6ebd3551584386f90c1054e32c1bac95cd44756	mailcap	https://archlinuxarm.org/packages/aarch64/mailcap/files
extra	malcontent	0.14.0-4	bedf1f8a64a3aab0b474410a369ce8ea001ee73e95420983b57db1c4e107b36d	libmalcontent	https://archlinuxarm.org/packages/aarch64/libmalcontent/files
extra	md4c	0.5.3-1	f7474a4c6d3da7dde23f953657468830ea16f1f63bc0232e1cfdf7891b35c521	md4c	https://archlinuxarm.org/packages/aarch64/md4c/files
extra	mesa	1:26.1.5-1	f469c9da2097881d79f3d6368b804724a4b0bcb6d9cd7939c0e43363ab0b5e35	mesa	https://archlinuxarm.org/packages/aarch64/mesa/files
extra	mobile-broadband-provider-info	20251101-1	a98eef2cb33f0aea398b4ed11fc93af46630a98aff67a9fd4047768854f62e47	mobile-broadband-provider-info	https://archlinuxarm.org/packages/aarch64/mobile-broadband-provider-info/files
extra	modemmanager	1.24.2-1	912a6a65181c625f0f31f6f93aca9f3275b4fc3f05d40845c24b8b38317f842a	libmm-glib	https://archlinuxarm.org/packages/aarch64/libmm-glib/files
extra	mpg123	1.33.5-1	c1130ceee8ad612ff72723cf5d9ba4fa9b03c240ad7146233341fe0cc708dd58	mpg123	https://archlinuxarm.org/packages/aarch64/mpg123/files
extra	mtdev	1.1.7-1	4ff826b071f64b9e72ba483e469d918332d9461ff514b45a7b2291223469784b	mtdev	https://archlinuxarm.org/packages/aarch64/mtdev/files
extra	mtools	1:4.0.49-1	13daf5fb37b40e9ec28959cdd0b9c64432cda0749780647acc15d45f2b9a44ad	mtools	https://archlinuxarm.org/packages/aarch64/mtools/files
extra	mutter	50.3-1	fe92a4e2a541666104938d3ae8ff23fac4dbe4fb6d8fe07c22b544cf587bfd33	mutter	https://archlinuxarm.org/packages/aarch64/mutter/files
extra	nautilus	50.2.2-1	2ea9355c5267a3e70a25b408b0dfb9b3863bc71ea09fb8a6005aab99aca7a6f3	libnautilus-extension,nautilus	https://archlinuxarm.org/packages/aarch64/libnautilus-extension/files
extra	networkmanager	1.58.0-1	bad5a1fad078f864250ad8e02d58cd99d94c11128007f58dfcadd140db0ed45d	libnm,networkmanager	https://archlinuxarm.org/packages/aarch64/libnm/files
extra	nftables	1:1.1.6-3	6cb83db11248a6babf03059a34cd29419bd9069b3988d708e46bdf888015fe5b	nftables	https://archlinuxarm.org/packages/aarch64/nftables/files
extra	nlohmann-json	3.12.0-2	2b8aebbcfe47334c5a8af8fb4263696a5093147b96b62f65152c9947371bf85c	nlohmann-json	https://archlinuxarm.org/packages/aarch64/nlohmann-json/files
extra	noto-fonts	1:2026.07.01-1	b48e6a15a12fe37a98e93c73733cdee21eb209574df243264ef7fdf19eddd109	noto-fonts	https://archlinuxarm.org/packages/aarch64/noto-fonts/files
extra	noto-fonts-emoji	1:2.051-1	faeda067beebed1388c3bef53b8a057734397fc30e11b5634794134233f47c25	noto-fonts-emoji	https://archlinuxarm.org/packages/aarch64/noto-fonts-emoji/files
extra	ntfs-3g	2026.7.7-1	33afce8cf6f4b2b7787bf1622c66d1c1a46e61d524b4d659530bae2b7efabd1f	libntfs-3g,ntfs-3g,ntfsprogs	https://archlinuxarm.org/packages/aarch64/libntfs-3g/files
extra	nvme-cli	2.16-2	9e370da042dfb4e17f6a0edb7f5798aa2b064ff67b5f93df526f3c9d46789719	nvme-cli	https://archlinuxarm.org/packages/aarch64/nvme-cli/files
extra	ocl-icd	2.3.4-1	5ff680e280285497596560f5bf1a21e541165ee5f4ac61583c6e11b14fe37c20	ocl-icd	https://archlinuxarm.org/packages/aarch64/ocl-icd/files
extra	onetbb	2023.1.0-1	7d9a13206ae5cfb8294b79269ac2eeee75c80fab420b2c4c1b9df23adbcc0ab3	onetbb	https://archlinuxarm.org/packages/aarch64/onetbb/files
extra	opencore-amr	0.1.6-2	ebf4edad78865cd193a6e5475d65c80e05300504e759aa9aed6e836ddc0d70fd	opencore-amr	https://archlinuxarm.org/packages/aarch64/opencore-amr/files
extra	openh264	2.6.0-2	35da18cb8df532cc67b73e97af3cee38a316c403c908f782d235f201447784a9	openh264	https://archlinuxarm.org/packages/aarch64/openh264/files
extra	openjpeg2	2.5.4-1	e0c5443cb7851f2f6fe231afa9d3460d50d1a6d0d8c56825a3d8b6be43aa73f8	openjpeg2	https://archlinuxarm.org/packages/aarch64/openjpeg2/files
extra	opus	1.6.1-1	ddd5da810d4a359103e0bf8c066bf4fcec93848fdd70c3bb36bf69416c634373	opus	https://archlinuxarm.org/packages/aarch64/opus/files
extra	orc	0.4.42-1	3e4b9aa5c890aebd0d1a6fdd4a6cd2c3f5ef712588a75a40ed952eb189e6ec55	orc	https://archlinuxarm.org/packages/aarch64/orc/files
extra	orca	50.2-1	50cd276778dca5ce94cbb9a8ceadfdd734fe9191ecd15ead62d63e965962d486	orca	https://archlinuxarm.org/packages/aarch64/orca/files
extra	osinfo-db	20251212-1	85a592fa7a005f64b9213b34735f2a2b4eedb7d923a6c1b8df6cdd3dbbc89b0d	osinfo-db	https://archlinuxarm.org/packages/aarch64/osinfo-db/files
extra	pacman-contrib	1.13.1-1	dc2bef0b362be997fd233363355ce75912dc41d358ef346924b1ad62357cb461	pacman-contrib	https://archlinuxarm.org/packages/aarch64/pacman-contrib/files
extra	pango	1:1.58.0-1	bb364e470b85734adfe57fc281f1a277ceb2751d1df9afc96e5be06889e5fd8f	pango	https://archlinuxarm.org/packages/aarch64/pango/files
extra	pangomm	2.46.5-1	2b1cd1c341360a7cee74c9e90e5a98eba49f5fba11ab6850d57bf392802d99a4	pangomm	https://archlinuxarm.org/packages/aarch64/pangomm/files
extra	pangomm-2.48	2.56.2-1	2969761596bb440fff95a92cc39003833423b4b93058ed85c8295cafa1166f32	pangomm-2.48	https://archlinuxarm.org/packages/aarch64/pangomm-2.48/files
extra	papers	50.2-1	4033d80889bd1305ab7dda0e9943e87f4f64cd5aceca88505c85823e1522cdb3	papers	https://archlinuxarm.org/packages/aarch64/papers/files
extra	parted	3.7-1	2aaa2e1a962a86f8d1c5cf81cf3c167cfba7ac9f65d1857ce67dbe5c9939002d	parted	https://archlinuxarm.org/packages/aarch64/parted/files
extra	pcaudiolib	1.3-1	3771e318544c5a8da4489068125e713a2197ab450320b2a3195c47b12d2108ea	pcaudiolib	https://archlinuxarm.org/packages/aarch64/pcaudiolib/files
extra	pcsclite	2.5.1-1	9e3835c4e38d6b41fe48e4e713b524b6058a5c36d5d267771b0aff586e83df91	pcsclite	https://archlinuxarm.org/packages/aarch64/pcsclite/files
extra	pipewire	1:1.6.8-1	c6d30a9c90b788e7d02adcd008ca00f8131104e9b5170d5ef48d53e2ad6ce339	alsa-card-profiles,gst-plugin-pipewire,libpipewire,pipewire,pipewire-alsa,pipewire-audio,pipewire-libcamera,pipewire-pulse	https://archlinuxarm.org/packages/aarch64/alsa-card-profiles/files
extra	pixman	0.46.4-1.1	0dae4177ceaf0de01261515ecf305795bd3075b8632a7c954af9a1870ef1914d	pixman	https://archlinuxarm.org/packages/aarch64/pixman/files
extra	polkit	127-3	dd1cdda2e6a30b4c34a970e750c3f3ccef011a76d52389aec3e957b3c9d21ca1	polkit	https://archlinuxarm.org/packages/aarch64/polkit/files
extra	poppler	26.07.0-1	909493bdab44aab3b7ab95497dd0ad9a2fc367e33553c922bbfaa93889a1062b	poppler,poppler-glib	https://archlinuxarm.org/packages/aarch64/poppler/files
extra	portaudio	1:19.7.0-4	cc5c32c9b0e730c3b141e3ff1a85b2d9aba60bf26c2d5e791aa329151048e9ad	portaudio	https://archlinuxarm.org/packages/aarch64/portaudio/files
extra	power-profiles-daemon	0.30-1	82e3396e1b6c4fa06f7aabd28793209551aab625aa72d8b99bfd17ac4025cad5	power-profiles-daemon	https://archlinuxarm.org/packages/aarch64/power-profiles-daemon/files
extra	protobuf	35.1-1	ca11825e5341aa20c9daedc6ace566977012c26ec842ffcd116a6c3b1c31ac87	protobuf	https://archlinuxarm.org/packages/aarch64/protobuf/files
extra	protobuf-c	1.5.2-12	60d83826163ca6c88d6ae73f5dbdaf781a129a93aaf56c58e022eadda76298d9	protobuf-c	https://archlinuxarm.org/packages/aarch64/protobuf-c/files
extra	pulseaudio	17.0+r98+gb096704c0-1	2d0484d62ccb3dd0b46679a86fe97c31da0ef50c07eddc423693707d56dcaf54	libpulse	https://archlinuxarm.org/packages/aarch64/libpulse/files
extra	pygobject	3.56.3-1	c5118b69cd062dd068172561e4ddc1be0721d8c29a0df2d9e133e4e6ef457887	python-gobject	https://archlinuxarm.org/packages/aarch64/python-gobject/files
extra	python-argcomplete	3.7.0-1	e322019d1d6134d974a87aa544e34fe694c3f0ad6544622e42633d4bc4b6f8b9	python-argcomplete	https://archlinuxarm.org/packages/aarch64/python-argcomplete/files
extra	python-cairo	1.29.0-2	62c7d84959e397bbd2017fd5822101261ca78be36d24f8b7bc6b8bd388e6a0a8	python-cairo	https://archlinuxarm.org/packages/aarch64/python-cairo/files
extra	python-dasbus	1.7-5	f21b4a7846a5866208c5f01a3170a180660fda3114e689afb8e58e5dc0f41ae6	python-dasbus	https://archlinuxarm.org/packages/aarch64/python-dasbus/files
extra	python-psutil	7.2.2-1	6087c72fbbceb70f06d4abe23074a70bda657d8951c96c2e24e0356acfd7a62e	python-psutil	https://archlinuxarm.org/packages/aarch64/python-psutil/files
extra	python-setproctitle	1.3.7-2	4a7bdbf6b3c133e5f04d703a3ecf5e75965f10e0064208f0e90afc8be2adfdae	python-setproctitle	https://archlinuxarm.org/packages/aarch64/python-setproctitle/files
extra	pyxdg	0.28-7	35a6353358427e05e7f4002523c7eb0d54d42c6456288bc680ca6dd4be83df6d	python-pyxdg	https://archlinuxarm.org/packages/aarch64/python-pyxdg/files
extra	qt6-base	6.11.1-1	21dedc078bdf164b138b0357d36f5b2c5d7e88a3e5f88d83c3b095267ec692c7	qt6-base	https://archlinuxarm.org/packages/aarch64/qt6-base/files
extra	qt6-translations	6.11.1-1	6dc61f0d2716c80e62d94fe91e58b12a4afe7fa68029fca486a447dacce029e4	qt6-translations	https://archlinuxarm.org/packages/aarch64/qt6-translations/files
extra	rav1e	0.8.1-3	483b17eb0a74e1cccf5b0535465e5a37e1c15b9a93715896054a20137828605c	rav1e	https://archlinuxarm.org/packages/aarch64/rav1e/files
extra	rsync	3.4.4-1	1a705ea9fc9273863bbff2a1ba9136e74e2c15f3f51ed3c78471a08661d4590a	rsync	https://archlinuxarm.org/packages/aarch64/rsync/files
extra	rubberband	4.0.0-2	1b59805b799a6a1ffcb2b9805249824e13a2a04d59a317c3bff08a4e66bd5ef7	rubberband	https://archlinuxarm.org/packages/aarch64/rubberband/files
extra	samba	2:4.24.4-1	fa3f6fe89e828ef0836fd3ec929a8760792a7eaf0f30dd455e0851b29f791f20	ldb,libwbclient,smbclient	https://archlinuxarm.org/packages/aarch64/ldb/files
extra	sbc	2.2-1	1698b0d167125ff263f1a90f97de4a2e125fb15250f4cc1125b489d9e5ccc39c	sbc	https://archlinuxarm.org/packages/aarch64/sbc/files
extra	sdl2-compat	2.32.70-1	f306b0f19c667f5c44c77822bc35aab9abb7f3b1257f195909e2942c4e875dc0	sdl2-compat	https://archlinuxarm.org/packages/aarch64/sdl2-compat/files
extra	sdl3	3.4.12-1	b25ad6e2ba3ae0b21e58c4189fc70dfbe9fd32ac69c1313b52b178c875105c9f	sdl3	https://archlinuxarm.org/packages/aarch64/sdl3/files
extra	seahorse	1:47.0.1-6	a4ab97d074c1937410b4b80b2c770e1fa5727ce76ddc064b1ec0cec13b20ad0f	seahorse	https://archlinuxarm.org/packages/aarch64/seahorse/files
extra	serd	0.32.10-1	dda352ec51f4178a81379225be21b97b09d76cff34e7da3625d96fd36dca34c6	serd	https://archlinuxarm.org/packages/aarch64/serd/files
extra	shaderc	2026.2-2	43f911e59efba37990a3790abc3759b4116a6ee3cd0800490b23930811059fef	shaderc	https://archlinuxarm.org/packages/aarch64/shaderc/files
extra	shared-mime-info	2.5.1-2	69e624ba760b6a85ab05859b2349c2013f3ea76cf5c36fe17d248773250227dc	shared-mime-info	https://archlinuxarm.org/packages/aarch64/shared-mime-info/files
extra	slang	2.3.3-4	1da78b706f89828a6ee71b94147791835dc165085d67050985b57e87c21b4863	slang	https://archlinuxarm.org/packages/aarch64/slang/files
extra	smartmontools	7.5-1	0b0a5afeab6b311ee8037951bf3935764231c91fc1141aeb9041aa3c07093c0b	smartmontools	https://archlinuxarm.org/packages/aarch64/smartmontools/files
extra	snappy	1.2.2-3	525956634a022034392cae77f1ccb06d8ab4474c893ccbcc55740cc720cc95a8	snappy	https://archlinuxarm.org/packages/aarch64/snappy/files
extra	snapshot	50.0-1	2a99861fe55e564caf37397e3c50442badc198f4891f4f933212588e6a351776	snapshot	https://archlinuxarm.org/packages/aarch64/snapshot/files
extra	sndio	1.10.0-1	6d13f76af0d8cc28f7c5ce3634eadde37de372bb08415cd0ae324246bba54c95	sndio	https://archlinuxarm.org/packages/aarch64/sndio/files
extra	snowball	3.1.1-1	2b69a993e8f93c8f20aad5068219c3c84b9ed8fa0011ed0b28eedce768176c05	libstemmer	https://archlinuxarm.org/packages/aarch64/libstemmer/files
extra	sord	0.16.22-1	42447b8cbac850a67f6b233a8978531b35d5f37adaf036aefa857563f9d1eab3	sord	https://archlinuxarm.org/packages/aarch64/sord/files
extra	sound-theme-freedesktop	0.8-6	8f5fd5e6ada013ca035f4f6edf137ca187acbedab46ab6d8ca16690d1453bab1	sound-theme-freedesktop	https://archlinuxarm.org/packages/aarch64/sound-theme-freedesktop/files
extra	spandsp	0.0.6-7	01eb1f286f762fabf53769c28c2759bdee189430f120e8032de15e6d56b0ed23	spandsp	https://archlinuxarm.org/packages/aarch64/spandsp/files
extra	speech-dispatcher	0.12.1-3	337f5eea34b9549e1031daeb16b2f6deadad1d7ba5f36fc24272a324f6da9a09	libspeechd,speech-dispatcher	https://archlinuxarm.org/packages/aarch64/libspeechd/files
extra	speex	1.2.1-2	aadf914836ebf9206696708725388260e56b99993224b9618c1405e871902cbf	speex	https://archlinuxarm.org/packages/aarch64/speex/files
extra	speexdsp	1.2.1-2	6503573c2e7a240a5da1f1b2d13fa681c94832d490bab679fafb685c7471c58f	speexdsp	https://archlinuxarm.org/packages/aarch64/speexdsp/files
extra	spirv-tools	1:1.4.350.1-1	c129ec74f9fc84561f79e858d5b33040f8c1a8c672bff2bc4e02e381fcabb989	spirv-tools	https://archlinuxarm.org/packages/aarch64/spirv-tools/files
extra	squashfs-tools	4.7.5-1	c9e6a85a2bc63828211b90d1991d73fd3140a8fdc00a675ec7538a3611de7fc9	squashfs-tools	https://archlinuxarm.org/packages/aarch64/squashfs-tools/files
extra	sratom	0.6.22-1	50f6615f3f0a8dbb71156d02ff2c39d1c2e13194be6fafdd6c663838e2292217	sratom	https://archlinuxarm.org/packages/aarch64/sratom/files
extra	srt	1.5.6-1	1576336b4e0a30533fa32066a90cc82878f32f0d45d0e42f5eebd98aa985802a	srt	https://archlinuxarm.org/packages/aarch64/srt/files
extra	startup-notification	0.12-9	adac1e472f7aaf8eb12598336fdbb31d2ea45f6ed3758fefcbccaf653a81c843	startup-notification	https://archlinuxarm.org/packages/aarch64/startup-notification/files
extra	sysprof	50.0-2.1	d1c2d1c7bebb97e9dfa509852ca71f1e3bb69615eeddd3cfd5fc4c21f66f1f75	libsysprof-capture	https://archlinuxarm.org/packages/aarch64/libsysprof-capture/files
extra	taglib	2.3.1-1	f952122f219fd9809fe377a98d02ab67e57b31d313d86803f54a74b551c6b087	taglib	https://archlinuxarm.org/packages/aarch64/taglib/files
extra	talloc	2.4.4-1	44c4f9dabab246ed47f14891a98ce634f3b5053bc16f4686d8a5507b039ceaa0	talloc	https://archlinuxarm.org/packages/aarch64/talloc/files
extra	tdb	1.4.15-1	0588c4a1895217e43d09bbdadc901cb19bc4c31148bcecb237fb5a7e9cafa7cc	tdb	https://archlinuxarm.org/packages/aarch64/tdb/files
extra	tecla	50.0-1	df56228725343f0a66d0071c055d347a3bf4681e0aef41e944b5f5876da31db7	tecla	https://archlinuxarm.org/packages/aarch64/tecla/files
extra	testdisk	7.2-4	baff9d3796cb88c39c0bade459dd6e871fe2bc75e7025b1a69d9109a80a36bc5	testdisk	https://archlinuxarm.org/packages/aarch64/testdisk/files
extra	tevent	1:0.17.1-2	04c19f42b922096c250a2cca1584cee04cacf7d2ac586a206362409068e0a63d	tevent	https://archlinuxarm.org/packages/aarch64/tevent/files
extra	tinysparql	3.11.1-1	5af686cd6829579013cae2a0cdba064704a6cd84852fd049688bcfc284de1e3e	tinysparql	https://archlinuxarm.org/packages/aarch64/tinysparql/files
extra	totem-pl-parser	3.26.7-1	293a3f7479426f9af1ad377ce34bf1806b845949985bbec3eb2eac0fe2c8523c	totem-pl-parser	https://archlinuxarm.org/packages/aarch64/totem-pl-parser/files
extra	tslib	1.24-1	ddd9b0c0e5fc0dcae463e3a5dda1bded8dcbb47766d5bf43e859f4c39288f455	tslib	https://archlinuxarm.org/packages/aarch64/tslib/files
extra	ttf-dejavu	2.37+18+g9b5d1b2f-8	03be6767fc36c2df8f2516f0ea58d91064c28ca1024b33bc061ed413c719c058	ttf-dejavu	https://archlinuxarm.org/packages/aarch64/ttf-dejavu/files
extra	twolame	0.4.0-4	6ce96c3ada74813e62c4da2ab89b47444626d94af5d871bccec5731e6aa856f1	twolame	https://archlinuxarm.org/packages/aarch64/twolame/files
extra	uchardet	0.0.8-4	3b71d24c26986ab6ef5d3bcb4a2646c1e2da7ba240511d97073ad7878dac709c	uchardet	https://archlinuxarm.org/packages/aarch64/uchardet/files
extra	udisks2	2.11.1-2	b7381db10d3688ca0d9c3bac05a944a499be7420202fe8e8bccbce0d548af82a	udisks2	https://archlinuxarm.org/packages/aarch64/udisks2/files
extra	unzip	6.0-23	bf0b1e7804f779a6a59e412c1179bfbda6767daf642a538ec82f1896b19f88d3	unzip	https://archlinuxarm.org/packages/aarch64/unzip/files
extra	upower	1.91.3-1	8b67d437deb00c58e0d4ea0a3369b9a011c55d59b52671d113f79cb0d42428df	upower	https://archlinuxarm.org/packages/aarch64/upower/files
extra	v4l-utils	1.32.0-2	7cadf3b956f99f14b6d47a75238a43aef4baa169bb23f4368540e20746e0938a	v4l-utils	https://archlinuxarm.org/packages/aarch64/v4l-utils/files
extra	vapoursynth	77-2	c4a1c6ecb617c3314a87f2f0d7017de2a61a9856af97f2bda1a2c4350e6ab83e	vapoursynth	https://archlinuxarm.org/packages/aarch64/vapoursynth/files
extra	vid.stab	1.1.1-3	47be5f15c33b90741631961949ef975e7fa63d5e0e04e7e894fc053766ef96a7	vid.stab	https://archlinuxarm.org/packages/aarch64/vid.stab/files
extra	vmaf	3.2.0-1	f1a449d74d3dec5d82307edca2bc0caae8d9eb1464c07073cdde5ac307f47ef5	vmaf	https://archlinuxarm.org/packages/aarch64/vmaf/files
extra	volume_key	0.3.12-12	6c35790c5a8a3ce0d54c717a2f1010f13c41e7425a339ff413f57879103cd5b8	volume_key	https://archlinuxarm.org/packages/aarch64/volume_key/files
extra	vte3	0.84.0-1	28d2f6bb2e0b26ce54741328ff5b0377b61fda6f24920df2a768387acdeead38	vte-common,vte4	https://archlinuxarm.org/packages/aarch64/vte-common/files
extra	vulkan-icd-loader	1.4.350.1-1	fd98b635603b4caed823b6b0aa811b72a4796d4c4978486759664fc6f9a25e83	vulkan-icd-loader	https://archlinuxarm.org/packages/aarch64/vulkan-icd-loader/files
extra	wavpack	5.9.0-1	25b38f9d68486e65d8edb66a54dff3e835e912b01d7b9821fad5f329f91d81da	wavpack	https://archlinuxarm.org/packages/aarch64/wavpack/files
extra	wayland	1.25.0-1	5fcf4bb197634c65cf2d511e37428d8085a12e17863e8418f5971ff8241a1534	wayland	https://archlinuxarm.org/packages/aarch64/wayland/files
extra	webkitgtk-6.0	2.52.5-2	b2897d6dd30376e0f756882100c47402303da15d157109fa62c6f0105b85448f	webkitgtk-6.0	https://archlinuxarm.org/packages/aarch64/webkitgtk-6.0/files
extra	webrtc-audio-processing-1	1.3-5	72a055e5a358aa632b048de88c4559836e40eb54496729dd072de0ecc8fd5cf4	webrtc-audio-processing-1	https://archlinuxarm.org/packages/aarch64/webrtc-audio-processing-1/files
extra	wget	1.25.0-6	2ac62d9ef32800fcd878792ed0d06f9d369825855f164680b360b2ad1ad24abb	wget	https://archlinuxarm.org/packages/aarch64/wget/files
extra	wireplumber	0.5.15-1	7995afb47405b3b4b3eb7f30ec6ae60f31df1a612e82a85f93d80aabeef4990a	libwireplumber,wireplumber	https://archlinuxarm.org/packages/aarch64/libwireplumber/files
extra	woff2	1.0.2-6	f9df2231d95db0b7f652155f82714acb2d0d2ef04354e218c96daf36450bebbb	woff2	https://archlinuxarm.org/packages/aarch64/woff2/files
extra	x264	3:0.165.r3222.b35605a-2	cdb5a14789d9bc04c474a41469be40275a5487e2d9faadc3cb0545308287b2cb	x264	https://archlinuxarm.org/packages/aarch64/x264/files
extra	x265	4.2-2	e8aa465e276ecf405bf14e2952dacfb1c06da00f7d9165025b0e2cd44adc0a05	x265	https://archlinuxarm.org/packages/aarch64/x265/files
extra	xcb-proto	1.17.0-4	81c4359b3647120607bebc039a4a24e593a202df213ac69734fb7d10c319c067	xcb-proto	https://archlinuxarm.org/packages/aarch64/xcb-proto/files
extra	xcb-util	0.4.1-2	745e9427077b2b5675b0471464d4abb6ea8ec038028aab771634993e7f7fee79	xcb-util	https://archlinuxarm.org/packages/aarch64/xcb-util/files
extra	xcb-util-cursor	0.1.6-1	5fc1778e72ffe6945f2beade3986def27a69480e288cf75608f8f8d935e95b01	xcb-util-cursor	https://archlinuxarm.org/packages/aarch64/xcb-util-cursor/files
extra	xcb-util-image	0.4.1-3	0e81c700a127787384045e1c45a483fc7567285b1d27d53cfbf62a2212174c51	xcb-util-image	https://archlinuxarm.org/packages/aarch64/xcb-util-image/files
extra	xcb-util-keysyms	0.4.1-5	0a57d7535965ee0cf1122c40fc8816305e212456027effce106af7e3355cfe95	xcb-util-keysyms	https://archlinuxarm.org/packages/aarch64/xcb-util-keysyms/files
extra	xcb-util-renderutil	0.3.10-2	a222b81ed784f1a89bb692288d4daf4ccc4fe0c099a41009757a0cdc20ebc577	xcb-util-renderutil	https://archlinuxarm.org/packages/aarch64/xcb-util-renderutil/files
extra	xcb-util-wm	0.4.2-2	826696786f7ed152772ad0f015128745c4885aa21f4c83329ad452319026b8cf	xcb-util-wm	https://archlinuxarm.org/packages/aarch64/xcb-util-wm/files
extra	xdg-dbus-proxy	0.1.7-1	bcd42872f820757abb40687b520515f3848f1d6be95b5f59da92534ead81c5d5	xdg-dbus-proxy	https://archlinuxarm.org/packages/aarch64/xdg-dbus-proxy/files
extra	xdg-desktop-portal	1.22.1-2	981da7f7ef79c4cac8af8a127018a08f55cae523f4f4e9bec30744d4c2d6f2c5	xdg-desktop-portal	https://archlinuxarm.org/packages/aarch64/xdg-desktop-portal/files
extra	xdg-desktop-portal-gnome	50.0-1	570e25ba37c3758df241dddd8147dfa86f1f0877688c838c2ee62498a02956dd	xdg-desktop-portal-gnome	https://archlinuxarm.org/packages/aarch64/xdg-desktop-portal-gnome/files
extra	xdg-desktop-portal-gtk	1.15.3-1	7be6dd8488ac90a9cf31a330ea92c98ec3ae23abd66e6764c1e57b6b67c9d5f2	xdg-desktop-portal-gtk	https://archlinuxarm.org/packages/aarch64/xdg-desktop-portal-gtk/files
extra	xdg-user-dirs	0.20-1	0db8c9481f0209d2308a7c3684721e54fa2811e57202034f6dc4da6a8657d661	xdg-user-dirs	https://archlinuxarm.org/packages/aarch64/xdg-user-dirs/files
extra	xdg-user-dirs-gtk	0.16-1	434c4425801099a6a62c633d4b3d3e5a5a737287fb3c5e0ced98210e19fbeee0	xdg-user-dirs-gtk	https://archlinuxarm.org/packages/aarch64/xdg-user-dirs-gtk/files
extra	xdg-utils	1.2.1-2	e48b26f7d2aed0ffaa09b2df40ff4ef719fcf602c22cddeb426dbc8ddd832c76	xdg-utils	https://archlinuxarm.org/packages/aarch64/xdg-utils/files
extra	xkeyboard-config	2.48-1	30529132f3d963b7e82bc15525d7ee612603d2e6a22b3da0b0f8119e7e5f36f0	xkeyboard-config	https://archlinuxarm.org/packages/aarch64/xkeyboard-config/files
extra	xorg-fonts-encodings	1.1.0-2	f86f2c8a94a84e34f20ea09ecbca07230594a62350aedc53f09ff93e70b04c1f	xorg-fonts-encodings	https://archlinuxarm.org/packages/aarch64/xorg-fonts-encodings/files
extra	xorg-server	21.1.24-1	68447feacbc1b67966874afbda384d99ca9847749ac6eeb2799105834340c5fc	xorg-server-common	https://archlinuxarm.org/packages/aarch64/xorg-server-common/files
extra	xorg-setxkbmap	1.3.5-1	8f43b7af1912a92a5fe2173e563f124e1a9f37a0f92690051499760d620afdf4	xorg-setxkbmap	https://archlinuxarm.org/packages/aarch64/xorg-setxkbmap/files
extra	xorg-xkbcomp	1.5.0-1	be768d0535f81770763801691fb1ce8ae1ea93fd69a28b6d6307f6277ab22a3c	xorg-xkbcomp	https://archlinuxarm.org/packages/aarch64/xorg-xkbcomp/files
extra	xorg-xmodmap	1.0.12-1	0990edac3faecce6ed2a381999e312b5696b3ed1077e6f69f441744d60245098	xorg-xmodmap	https://archlinuxarm.org/packages/aarch64/xorg-xmodmap/files
extra	xorg-xprop	1.2.8-1	817cecfab0450a6e30b32694b85b9d806432bd72a67ddbc3dbac9af80d942518	xorg-xprop	https://archlinuxarm.org/packages/aarch64/xorg-xprop/files
extra	xorg-xwayland	24.1.13-1	9eef6b95931d4e028f0258b378201300f9ec5d868e99958d46ab842dde40e04c	xorg-xwayland	https://archlinuxarm.org/packages/aarch64/xorg-xwayland/files
extra	xorgproto	2025.1-1	799eb455feba2d582721494533cb7f80ff055e9421544de87d1479b264c98e8b	xorgproto	https://archlinuxarm.org/packages/aarch64/xorgproto/files
extra	xvidcore	1.3.7-4	0a9af215dbfa2945ad3fdc74776b4bb5c51c3ca23df8dce616ae44e3502d72d2	xvidcore	https://archlinuxarm.org/packages/aarch64/xvidcore/files
extra	xxhash	0.8.3-1	d474146fdea9a675c8f18dde6379059671fa1bc82827daac43274137c87181d6	xxhash	https://archlinuxarm.org/packages/aarch64/xxhash/files
extra	zeromq	4.3.5-3	024b283a26ca3ae949ff7b1f2a40b81acc0ea73f0dc79462857da6351a252055	zeromq	https://archlinuxarm.org/packages/aarch64/zeromq/files
extra	zimg	3.0.6-2	041e2aaa836ee2440d00e65c3a95aed3416dbf7e8524f8bb54a1237b8985281a	zimg	https://archlinuxarm.org/packages/aarch64/zimg/files
extra	zip	3.0-13	a9b7880ce1e6f963a09ea2ae6034e29d941c984ea7db69bc665ca66f81df21bc	zip	https://archlinuxarm.org/packages/aarch64/zip/files
extra	zix	0.8.2-1	f5756b67744e91588cb04be2b3024b844018adc45823ecee0fd0896871d47928	zix	https://archlinuxarm.org/packages/aarch64/zix/files
